transaction_id,date,description,amount,true_category
T01525,2023-12-05,CIRCLE K # 99914,39.69,Gas
T00848,2023-11-13,DOORDASH*MCDONALDS,45.51,Restaurants
T01587,2023-11-07,UBER* EATS HELP.UBER.COM,3.29,Transport
T00597,2023-01-18,RITE AID #5898 DENVER CO,10.05,Health
T01071,2023-01-18,SQ *BLUE BOTTLE 9722 DALLAS TX,6.64,Coffee
T00693,2023-11-02,SQ *THE COMEDY CLUB CHICAGO IL,8.97,Entertainment
T00659,2023-06-07,DART RAIL DALLAS TX,56.47,Transport
T00525,2023-12-25,UBER* EATS HELP.UBER.COM,30.14,Transport
T00628,2023-07-03,DUNKIN #9922 PHX AZ,9.19,Coffee
T01622,2023-03-31,steamgames.com 465 wa,59.52,Entertainment
T01009,2023-04-14,VERIZON WIRELESS 7274  ,247.41,Utilities
T00042,2023-07-01,TST* PHILZ COFFEE NY NY,9.0,Coffee
T00885,2023-05-28,COMCAST CABLE COMM 63,40.72,Utilities
T00598,2023-04-20,SQ *THE BOOK NOOK CHICAGO IL  ,472.63,Shopping
T00863,2023-08-20,STEAMGAMES.COM 9735 WA,61.12,Entertainment
T00539,2023-04-08,MTA*NYCT PAYGO DALLAS TX,45.04,Transport
T00362,2023-07-21,ALDI 55 NY NY,189.44,Groceries
T00997,2023-10-19,STARBUCKS STORE 08384,7.73,Coffee
T00788,2023-02-27,CHIPOTLE 214 AUSTIN TX,109.67,Restaurants
T00589,2023-02-06,VERIZON WIRELESS 68920,201.64,Utilities
T01791,2023-12-05,STEAMGAMES.COM 85 WA,37.75,Entertainment
T00748,2023-12-17,TST* PHILZ COFFEE PHX AZ,10.15,Coffee
T00123,2023-07-07,SHELL OIL 5352 DALLAS TX,80.06,Gas
T01121,2023-11-06,SQ *LOCAL GROUNDS SEATTLE WA,8.3,Coffee
T01645,2023-08-06,COMCAST CABLE COMM 88,255.87,Utilities
T00245,2023-06-07,SQ *THE BOOK NOOK NY NY  ,63.8,Shopping
T01031,2023-07-11,SQ *BLUE BOTTLE 8051 MIAMI FL,11.73,Coffee
T00102,2023-06-09,REGAL CINEMAS 15915 PHX AZ,65.62,Entertainment
T01576,2023-11-06,SQ *CITY DENTAL BOSTON MA,211.81,Health
T01398,2023-10-14,CVS/PHARMACY #978 CHICAGO IL,219.97,Health
T00163,2023-10-30,LYFT *RIDE THU 4PM,52.17,Transport
T00862,2023-12-29,kroger 9672 seattle wa,31.62,Groceries
T00171,2023-12-17,ATT*BILL PAYMENT 39,219.28,Utilities
T01910,2023-08-25,UBER* EATS HELP.UBER.COM,17.87,Transport
T00893,2023-04-16,ALDI  71 BOSTON MA,144.13,Groceries
T01315,2023-09-11,WALMART SUPERCENTER #39375,295.8,Shopping
T00790,2023-01-06,SQ *CITY DENTAL CHICAGO IL  ,85.41,Health
T01232,2023-06-10,VERIZON WIRELESS 4500,188.02,Utilities
T01831,2023-01-02,UBER *TRIP AUSTIN TX,57.01,Transport
T01496,2023-07-21,LYFT *RIDE THU 4PM,28.79,Transport
T01939,2023-10-17,SQ *BLUE BOTTLE 7397 PHX AZ,7.57,Coffee
T00843,2023-04-25,KROGER 2980 MIAMI FL,196.29,Groceries
T00426,2023-10-25,MTA*NYCT PAYGO DENVER CO  ,41.97,Transport
T01027,2023-08-05,CHIPOTLE 10487 MIAMI FL,72.25,Restaurants
T00458,2023-01-24,TST* OLIVE & VINE BOSTON MA,101.87,Restaurants
T01798,2023-05-12,PARKING METER #8173 OAKLAND CA,20.92,Transport
T00592,2023-12-03,TRADER JOE'S #12,54.59,Groceries
T01504,2023-01-12,SPOTIFY USA 9383,30.48,Entertainment
T01012,2023-08-08,SAFEWAY #9208 PHX AZ,126.05,Groceries
T00838,2023-09-17,STEAMGAMES.COM 43610 WA,64.67,Entertainment
T00891,2023-10-13,ALDI 498 SEATTLE WA,172.72,Groceries
T01764,2023-06-14,ONCOR ELECTRIC DELIVERY,179.08,Utilities
T01023,2023-01-04,TST* THE CORNER DINER,68.62,Restaurants
T00564,2023-03-11,DART RAIL OAKLAND CA  ,53.37,Transport
T00998,2023-08-22,STEAMGAMES.COM 75514 WA,80.0,Entertainment
T00161,2023-12-02,chevron 18,35.7,Gas
T00262,2023-12-10,CIRCLE K # 72856,90.91,Gas
T01055,2023-05-12,KROGER 20 MIAMI FL,60.18,Groceries
T00971,2023-04-08,76 - 93184 austin tx,89.69,Gas
T01394,2023-03-28,TRADER JOE'S #43274,112.05,Groceries
T00820,2023-10-04,ATT*BILL PAYMENT 1256,154.05,Utilities
T01780,2023-07-27,TXU ENERGY PAYMENT,201.52,Utilities
T01327,2023-06-30,UBER *TRIP CHICAGO IL  ,55.23,Transport
T01558,2023-11-26,SQ *THE COMEDY CLUB OAKLAND CA,55.59,Entertainment
T01277,2023-09-11,rite aid #89 boston ma,195.11,Health
T01164,2023-10-14,CIRCLE K # 410,82.58,Gas
T00576,2023-12-08,SQ *CITY DENTAL CHICAGO IL,231.88,Health
T01811,2023-07-25,CIRCLE K # 59311,70.74,Gas
T00021,2023-04-28,LA FITNESS 31 AUSTIN TX,157.08,Health
T01722,2023-11-20,KROGER 8908 AUSTIN TX,185.28,Groceries
T01220,2023-05-24,STEAMGAMES.COM 25304 WA,77.07,Entertainment
T00368,2023-03-08,NETFLIX.COM 124,88.54,Entertainment
T00558,2023-10-08,TRADER JOE'S #406  ,195.13,Groceries
T00437,2023-07-14,SQ *LOCAL GROUNDS OAKLAND CA,6.75,Coffee
T00303,2023-01-06,CIRCLE K # 72,55.13,Gas
T00688,2023-04-26,TXU ENERGY PAYMENT,140.8,Utilities
T00428,2023-02-11,CHEVRON 6704,75.1,Gas
T01875,2023-08-19,TST* PHILZ COFFEE AUSTIN TX,8.79,Coffee
T01972,2023-04-29,POS DEBIT QUEST DIAGNOSTIC,226.65,Health
T01843,2023-07-28,DART RAIL AUSTIN TX,48.53,Transport
T00211,2023-10-23,CHEVRON  9234,91.4,Gas
T00372,2023-11-28,EXXONMOBIL 7307 OAKLAND CA,68.19,Gas
T01861,2023-03-23,DOORDASH*MCDONALDS,67.46,Restaurants
T01698,2023-03-23,SQ *BLUE BOTTLE 0000 DENVER CO,8.11,Coffee
T01666,2023-09-23,TST* PHILZ COFFEE DENVER CO,4.27,Coffee
T00923,2023-07-25,TARGET 849 AUSTIN TX,294.44,Shopping
T00654,2023-01-04,TST* THE CORNER DINER,82.4,Restaurants
T00299,2023-12-21,WALGREENS #93,82.83,Health
T01313,2023-07-10,TRADER JOE'S #861,58.21,Groceries
T00561,2023-05-20,SQ *BLUE BOTTLE 5328 DENVER CO,7.87,Coffee
T00526,2023-12-17,SHELL OIL 520 SEATTLE WA,67.98,Gas
T00388,2023-07-13,SQ *BLUE BOTTLE 57438 DALLAS TX,7.44,Coffee
T00119,2023-07-03,BEST  BUY #3263 DENVER CO,188.0,Shopping
T01231,2023-02-18,POS DEBIT BP#68,29.86,Gas
T00881,2023-04-14,CHEVRON 63576,65.97,Gas
T01648,2023-02-14,trader joe's #22,179.3,Groceries
T01965,2023-09-20,WHOLEFDS MKT 000 AUSTIN TX,101.49,Groceries
T01094,2023-08-28,TST* THE CORNER DINER,57.31,Restaurants
T00153,2023-04-15,SQ *THE COMEDY CLUB MIAMI FL,10.6,Entertainment
T00608,2023-09-26,SQ *THE COMEDY CLUB PHX AZ,57.74,Entertainment
T01379,2023-09-02,KROGER 591 MIAMI FL,106.65,Groceries
T01934,2023-04-04,CHEVRON 5579,60.64,Gas
T01633,2023-02-03,UBER *TRIP DALLAS TX,21.38,Transport
T00864,2023-02-06,UBER* EATS HELP.UBER.COM,5.5,Transport
T00753,2023-12-21,SQ *THE COMEDY CLUB DENVER CO,73.19,Entertainment
T00450,2023-10-23,NETFLIX.COM 33,62.95,Entertainment
T01708,2023-05-30,DART RAIL SEATTLE WA,23.89,Transport
T01159,2023-01-07,kroger 30 seattle wa,65.23,Groceries
T00287,2023-07-14,SPOTIFY USA 9060,55.21,Entertainment
T01184,2023-04-19,ATT*BILL PAYMENT 43086,201.2,Utilities
T00194,2023-02-12,LYFT *RIDE THU 4PM,34.71,Transport
T00694,2023-05-30,etsy.com - seller1006,32.36,Shopping
T01835,2023-08-10,WALGREENS #99262,107.32,Health
T01986,2023-10-05,ALDI 92 DENVER CO,115.96,Groceries
T00074,2023-01-07,ALDI 44 SEATTLE WA  ,147.75,Groceries
T01429,2023-10-28,CITY OF DALLAS WATER UT  ,169.29,Utilities
T00241,2023-03-25,LA FITNESS 871 CHICAGO IL,38.16,Health
T00205,2023-11-10,DOORDASH*MCDONALDS,82.61,Restaurants
T01515,2023-01-21,CHEVRON  211,62.34,Gas
T00942,2023-12-27,ETSY.COM - SELLER239  ,240.62,Shopping
T01072,2023-07-12,TRADER JOE'S #64045,148.82,Groceries
T00636,2023-10-27,SQ *LOCAL GROUNDS AUSTIN TX,4.02,Coffee
T00216,2023-11-12,SAFEWAY #32495 AUSTIN TX  ,208.8,Groceries
T00841,2023-06-13,WHOLEFDS MKT 255 PHX AZ,177.49,Groceries
T01700,2023-04-15,VERIZON WIRELESS 38,107.25,Utilities
T01565,2023-07-27,PARKING METER #324 AUSTIN TX,7.7,Transport
T01197,2023-07-11,MTA*NYCT PAYGO AUSTIN TX,30.91,Transport
T01574,2023-05-01,VERIZON WIRELESS 5963,282.51,Utilities
T00461,2023-10-11,KROGER 86305 DENVER CO  ,165.92,Groceries
T01182,2023-12-09,SAFEWAY #20736 AUSTIN TX,194.2,Groceries
T00212,2023-11-18,ETSY.COM - SELLER785,243.07,Shopping
T00962,2023-12-08,CITY OF DALLAS WATER UT,128.93,Utilities
T01475,2023-03-21,WALMART SUPERCENTER #581,325.79,Shopping
T01427,2023-07-21,POS  DEBIT QUEST DIAGNOSTIC,147.46,Health
T00705,2023-02-23,PARKING METER #86 AUSTIN TX  ,8.16,Transport
T01188,2023-08-03,SHELL OIL 6636 CHICAGO IL,56.6,Gas
T00430,2023-07-16,POS DEBIT BP#16,92.57,Gas
T01074,2023-10-31,REGAL CINEMAS 023 CHICAGO IL,13.94,Entertainment
T01311,2023-12-24,DOORDASH*MCDONALDS,46.24,Restaurants
T01888,2023-10-25,SHELL OIL 754 BOSTON MA,88.65,Gas
T01482,2023-09-17,WALGREENS #372,248.01,Health
T01890,2023-05-14,CVS/PHARMACY #551 SEATTLE WA,33.38,Health
T00523,2023-04-15,WALMART SUPERCENTER #74012,329.25,Shopping
T01801,2023-07-27,76 - 86885 SEATTLE WA,28.98,Gas
T01391,2023-01-08,SQ *THE COMEDY CLUB BOSTON MA,34.98,Entertainment
T01085,2023-11-21,VERIZON WIRELESS 548,109.08,Utilities
T00394,2023-12-05,LA FITNESS 055 OAKLAND CA,83.64,Health
T01344,2023-08-18,PARKING METER #92 AUSTIN TX,24.36,Transport
T00150,2023-06-16,SQ *BLUE BOTTLE 385 DENVER CO,6.33,Coffee
T00499,2023-10-25,CHIPOTLE 93 OAKLAND CA,92.85,Restaurants
T01634,2023-06-05,PARKING METER #9559 DENVER CO,13.04,Transport
T00698,2023-09-11,CVS/PHARMACY #1382 PHX AZ,48.54,Health
T01685,2023-04-17,CVS/PHARMACY #84124 DALLAS TX,32.37,Health
T01396,2023-09-14,WHOLEFDS MKT 523 MIAMI FL,82.05,Groceries
T00176,2023-08-29,SQ *THE COMEDY CLUB BOSTON MA,87.11,Entertainment
T00497,2023-06-06,CITY OF DALLAS WATER UT,133.65,Utilities
T01409,2023-06-24,TST* THE CORNER DINER,56.89,Restaurants
T01984,2023-08-18,NETFLIX.COM 12014,51.69,Entertainment
T01610,2023-10-19,TRADER JOE'S #2742,73.72,Groceries
T01994,2023-04-06,SAFEWAY #21551 AUSTIN TX,202.78,Groceries
T00160,2023-11-27,RITE AID #67 SEATTLE WA,249.56,Health
T01049,2023-09-21,ETSY.COM - SELLER377,418.57,Shopping
T01578,2023-01-30,STEAMGAMES.COM 8474 WA,52.96,Entertainment
T00423,2023-04-03,REGAL CINEMAS 8311 DALLAS TX,79.63,Entertainment
T00648,2023-05-21,ONCOR ELECTRIC DELIVERY,68.56,Utilities
T00037,2023-10-11,SQ  *LOCAL GROUNDS CHICAGO IL,3.96,Coffee
T01351,2023-09-18,SQ  *THE BOOK NOOK DALLAS TX,268.62,Shopping
T00989,2023-03-20,POS DEBIT QUEST DIAGNOSTIC,240.54,Health
T01098,2023-01-04,POS DEBIT BP#67503  ,38.31,Gas
T01935,2023-03-15,TXU ENERGY PAYMENT,212.14,Utilities
T00690,2023-12-20,UBER  *TRIP SEATTLE WA,32.34,Transport
T00208,2023-03-24,CHEVRON 65911,46.29,Gas
T00945,2023-12-21,SQ *THE BOOK NOOK NY NY,18.91,Shopping
T01572,2023-01-11,SQ *TAQUERIA EL SOL DALLAS TX  ,43.19,Restaurants
T01762,2023-07-17,CHIPOTLE 0 CHICAGO IL,122.19,Restaurants
T00254,2023-10-04,CITY  OF DALLAS WATER UT,300.14,Utilities
T00663,2023-01-19,WALMART SUPERCENTER #787,70.64,Shopping
T00477,2023-08-01,PARKING METER #979 BOSTON MA  ,33.82,Transport
T01465,2023-10-23,POS DEBIT BP#330  ,27.16,Gas
T00729,2023-08-19,best buy #90748 ny ny,135.89,Shopping
T00159,2023-02-09,TXU ENERGY PAYMENT,249.26,Utilities
T01040,2023-08-02,STARBUCKS STORE 206,6.76,Coffee
T01867,2023-05-04,SAFEWAY #6614 AUSTIN TX,196.39,Groceries
T00158,2023-08-12,76 - 90388 AUSTIN TX,32.41,Gas
T01789,2023-06-21,POS DEBIT QUEST DIAGNOSTIC,122.09,Health
T01081,2023-06-30,LA FITNESS 590 SEATTLE WA,256.5,Health
T01505,2023-08-24,SHELL OIL 5918 NY NY,57.78,Gas
T01921,2023-10-10,LA FITNESS 6378 DENVER CO,224.59,Health
T00115,2023-04-03,MTA*NYCT PAYGO BOSTON MA,44.95,Transport
T00481,2023-09-22,DART RAIL BOSTON MA,3.56,Transport
T00712,2023-08-17,KROGER 1692 AUSTIN TX  ,164.15,Groceries
T01980,2023-10-07,DUNKIN #3853 PHX AZ,5.6,Coffee
T01990,2023-10-05,VERIZON WIRELESS 7481,81.18,Utilities
T01431,2023-02-17,ONCOR ELECTRIC DELIVERY  ,118.03,Utilities
T00453,2023-11-26,KROGER 3946 CHICAGO IL  ,60.65,Groceries
T01865,2023-05-01,CITY OF DALLAS WATER UT,39.72,Utilities
T01140,2023-02-26,ONCOR  ELECTRIC DELIVERY,140.6,Utilities
T01948,2023-03-14,CVS/PHARMACY #0050 MIAMI FL,39.45,Health
T01507,2023-01-31,POS DEBIT H-E-B #56011,185.49,Groceries
T00647,2023-07-08,WALGREENS  #98216,84.82,Health
T00004,2023-07-03,CITY  OF DALLAS WATER UT,139.48,Utilities
T01239,2023-02-12,AMC ONLINE #7908,30.88,Entertainment
T01598,2023-11-17,TXU ENERGY PAYMENT,89.46,Utilities
T00474,2023-05-16,TRADER JOE'S #752  ,72.22,Groceries
T00948,2023-07-20,CVS/PHARMACY #048 MIAMI FL,89.06,Health
T01508,2023-06-17,POS DEBIT QUEST DIAGNOSTIC,228.27,Health
T01163,2023-07-13,SQ *THE BOOK NOOK DALLAS TX,51.39,Shopping
T01358,2023-04-12,CHIPOTLE 19848 DALLAS TX,48.17,Restaurants
T01130,2023-03-29,SQ *THE COMEDY CLUB CHICAGO IL,52.38,Entertainment
T00905,2023-11-30,CVS/PHARMACY #47 BOSTON MA,21.93,Health
T00399,2023-10-21,GRUBHUB*THAI BASIL BOSTON MA,131.85,Restaurants
T01053,2023-08-17,STARBUCKS STORE 11415,7.2,Coffee
T00467,2023-01-07,SAFEWAY #76389 BOSTON MA,188.7,Groceries
T00020,2023-08-13,RITE AID #730 MIAMI FL,172.47,Health
T00229,2023-10-15,VERIZON WIRELESS 420,177.64,Utilities
T01823,2023-08-26,UBER *TRIP DENVER CO,28.29,Transport
T01208,2023-01-06,SQ  *THE BOOK NOOK NY NY,20.1,Shopping
T01820,2023-09-14,SQ *BLUE BOTTLE 5619 SEATTLE WA  ,7.35,Coffee
T01878,2023-10-22,SPOTIFY USA 43351,25.26,Entertainment
T00085,2023-02-22,EXXONMOBIL 06 DALLAS TX,77.7,Gas
T00503,2023-03-16,76 - 456 DALLAS TX,64.61,Gas
T00579,2023-11-17,EXXONMOBIL  31 DENVER CO,68.31,Gas
T01006,2023-02-09,SHELL OIL 22 AUSTIN TX,52.36,Gas
T00924,2023-06-12,PEETS COFFEE #43 DALLAS TX,10.74,Coffee
T00800,2023-03-28,WHOLEFDS MKT 404 PHX AZ,166.99,Groceries
T01350,2023-05-28,TARGET 36 DENVER CO,425.88,Shopping
T01146,2023-02-22,tst* the corner diner,26.1,Restaurants
T00709,2023-07-18,BEST BUY #4216 AUSTIN TX,37.45,Shopping
T00240,2023-10-06,SQ *BLUE BOTTLE 9305 SEATTLE WA,11.9,Coffee
T01330,2023-06-21,POS DEBIT H-E-B #37104,176.57,Groceries
T00005,2023-02-10,PARKING  METER #0711 BOSTON MA,60.1,Transport
T00660,2023-08-20,UBER* EATS HELP.UBER.COM,16.97,Transport
T00188,2023-06-20,TST* PHILZ COFFEE AUSTIN TX,9.62,Coffee
T01659,2023-10-07,DART RAIL DENVER CO,32.81,Transport
T01329,2023-08-01,CVS/PHARMACY #208 PHX AZ,215.67,Health
T01453,2023-10-20,RITE AID #689 CHICAGO IL,175.17,Health
T00932,2023-09-04,NETFLIX.COM 59  ,84.41,Entertainment
T00613,2023-10-03,TST* PHILZ COFFEE DENVER CO  ,4.88,Coffee
T00174,2023-03-25,SQ  *CITY DENTAL PHX AZ,104.18,Health
T00214,2023-06-13,POS DEBIT BP#63471,35.06,Gas
T00340,2023-11-04,DART RAIL CHICAGO IL,17.63,Transport
T00536,2023-11-21,REGAL  CINEMAS 76916 DENVER CO,11.67,Entertainment
T01225,2023-01-05,lyft *ride thu 4pm,21.81,Transport
T00644,2023-11-18,COMCAST CABLE COMM 76,111.48,Utilities
T01211,2023-10-24,ETSY.COM - SELLER35,309.32,Shopping
T01624,2023-08-02,VERIZON WIRELESS 411,146.59,Utilities
T00537,2023-01-05,TST* THE CORNER DINER,78.11,Restaurants
T01833,2023-04-01,SQ *THE COMEDY CLUB AUSTIN TX,13.73,Entertainment
T00480,2023-01-21,POS DEBIT H-E-B #7301,64.98,Groceries
T00338,2023-03-19,SHELL OIL 78 DENVER CO,39.91,Gas
T01725,2023-10-02,DUNKIN #9057 DENVER CO,8.09,Coffee
T01689,2023-04-28,SQ *LOCAL GROUNDS OAKLAND CA,3.32,Coffee
T00522,2023-08-07,CVS/PHARMACY #48 SEATTLE WA,36.65,Health
T01706,2023-08-22,TXU ENERGY PAYMENT,199.46,Utilities
T00422,2023-10-01,COMCAST CABLE COMM 74,96.15,Utilities
T01816,2023-07-23,WHOLEFDS MKT 32 DALLAS TX,110.02,Groceries
T01423,2023-06-03,KROGER 35305 PHX AZ  ,120.0,Groceries
T00025,2023-02-25,COMCAST CABLE COMM 86,128.31,Utilities
T00483,2023-04-20,WHOLEFDS MKT 994 AUSTIN TX,144.05,Groceries
T01402,2023-07-23,SQ *THE BOOK NOOK OAKLAND CA,310.87,Shopping
T01523,2023-11-28,TST* THE CORNER DINER  ,135.42,Restaurants
T00765,2023-08-15,UBER* EATS HELP.UBER.COM,52.37,Transport
T00830,2023-03-04,TST* OLIVE & VINE DENVER CO,42.47,Restaurants
T00346,2023-03-21,POS DEBIT H-E-B #284  ,203.79,Groceries
T00148,2023-06-23,CVS/PHARMACY #474 CHICAGO IL,87.25,Health
T00048,2023-11-07,AMZN MKTP US*76 AMZN.COM/BILL WA,156.06,Shopping
T01609,2023-09-08,SQ *LOCAL GROUNDS AUSTIN TX,4.04,Coffee
T01456,2023-05-01,PARKING METER #54446 CHICAGO IL,32.92,Transport
T00819,2023-09-01,POS DEBIT H-E-B #75  ,179.24,Groceries
T00152,2023-12-14,STEAMGAMES.COM 3531 WA,29.79,Entertainment
T01731,2023-02-04,CVS/PHARMACY #62083 CHICAGO IL,185.51,Health
T01853,2023-09-28,SQ *THE COMEDY CLUB NY NY,38.63,Entertainment
T01740,2023-07-11,PEETS COFFEE #41 OAKLAND CA,9.54,Coffee
T01601,2023-01-25,STARBUCKS STORE 39,7.81,Coffee
T00710,2023-04-13,UBER *TRIP DENVER CO  ,63.7,Transport
T00996,2023-04-14,76 - 9625 BOSTON MA,57.13,Gas
T01899,2023-11-03,TST* PHILZ COFFEE BOSTON MA,3.24,Coffee
T01036,2023-12-31,EXXONMOBIL  616 OAKLAND CA,31.46,Gas
T00059,2023-09-16,SPOTIFY USA 87500,66.42,Entertainment
T01117,2023-06-05,SQ *TAQUERIA EL SOL OAKLAND CA,94.42,Restaurants
T00223,2023-06-20,POS DEBIT QUEST DIAGNOSTIC  ,19.73,Health
T01709,2023-05-10,CIRCLE K # 88566,31.05,Gas
T01812,2023-01-19,ATT*BILL PAYMENT 5351,228.39,Utilities
T01165,2023-07-10,POS DEBIT H-E-B #62575,48.79,Groceries
T01991,2023-08-24,CIRCLE K # 6136,61.65,Gas
T00009,2023-06-11,ETSY.COM - SELLER701,23.15,Shopping
T00002,2023-01-14,ALDI 4165 AUSTIN TX,118.6,Groceries
T01336,2023-05-04,LYFT *RIDE THU 4PM,9.27,Transport
T00889,2023-07-03,KROGER 39800 NY NY,219.85,Groceries
T01387,2023-11-11,SQ *THE BOOK NOOK DALLAS TX,331.33,Shopping
T01802,2023-05-01,ATT*BILL PAYMENT 62019,67.51,Utilities
T01957,2023-09-25,POS DEBIT H-E-B #0890,191.89,Groceries
T01546,2023-06-01,SQ *CITY DENTAL OAKLAND CA,247.22,Health
T01050,2023-06-16,VERIZON WIRELESS 003,275.19,Utilities
T00518,2023-12-14,CVS/PHARMACY #61 PHX AZ,10.3,Health
T01305,2023-08-07,DUNKIN #06834 MIAMI FL,6.87,Coffee
T01669,2023-06-17,EXXONMOBIL 8273 DENVER CO,42.23,Gas
T00955,2023-04-30,DUNKIN  #37 MIAMI FL,9.77,Coffee
T01786,2023-12-01,CIRCLE K # 37,88.66,Gas
T00674,2023-06-29,ATT*BILL PAYMENT 5320  ,165.72,Utilities
T00857,2023-03-25,NETFLIX.COM 152,45.5,Entertainment
T01046,2023-06-25,POS DEBIT QUEST DIAGNOSTIC,102.7,Health
T01022,2023-12-07,STARBUCKS STORE 5615,11.16,Coffee
T01937,2023-10-09,LA FITNESS 350 NY NY,176.78,Health
T00314,2023-08-03,TRADER JOE'S #1916,119.72,Groceries
T01564,2023-06-20,UBER* EATS HELP.UBER.COM,55.97,Transport
T01792,2023-07-21,REGAL  CINEMAS 2358 NY NY,38.25,Entertainment
T00465,2023-12-18,ETSY.COM - SELLER9069,345.19,Shopping
T01288,2023-10-25,COMCAST CABLE COMM 589,196.93,Utilities
T01639,2023-03-18,SAFEWAY #22 PHX AZ,95.69,Groceries
T00504,2023-01-22,AMC ONLINE #28  ,37.03,Entertainment
T00993,2023-03-29,SQ *TAQUERIA EL SOL DENVER CO  ,78.37,Restaurants
T01033,2023-06-28,TXU ENERGY PAYMENT,241.68,Utilities
T01035,2023-12-15,DOORDASH*MCDONALDS,70.3,Restaurants
T00604,2023-09-15,ONCOR ELECTRIC DELIVERY,76.13,Utilities
T01971,2023-03-29,SQ *THE COMEDY CLUB CHICAGO IL,87.79,Entertainment
T00683,2023-10-14,ATT*BILL PAYMENT 1022,35.23,Utilities
T00084,2023-10-01,amzn mktp us*303 amzn.com/bill wa,14.68,Shopping
T00337,2023-03-10,SAFEWAY #4902 MIAMI FL,169.4,Groceries
T01228,2023-01-26,ALDI 89408 SEATTLE WA,55.62,Groceries
T00849,2023-06-15,SPOTIFY USA 9550  ,17.19,Entertainment
T01739,2023-07-28,CVS/PHARMACY #252 SEATTLE WA,216.99,Health
T01902,2023-10-23,WALGREENS #6054,52.56,Health
T00068,2023-01-10,AMC ONLINE #6211,12.88,Entertainment
T00990,2023-09-01,PARKING METER #49980 MIAMI FL  ,26.35,Transport
T00090,2023-05-03,DUNKIN #97 NY NY,3.73,Coffee
T01817,2023-10-18,DART RAIL MIAMI FL,62.36,Transport
T00196,2023-01-22,WALMART SUPERCENTER #78986,173.93,Shopping
T01004,2023-09-06,ONCOR ELECTRIC DELIVERY,240.89,Utilities
T01203,2023-01-17,WALMART SUPERCENTER #5036  ,437.08,Shopping
T01717,2023-03-03,DOORDASH*MCDONALDS  ,15.98,Restaurants
T00416,2023-11-08,PEETS COFFEE #662 PHX AZ,5.01,Coffee
T01898,2023-09-14,la fitness 8046 dallas tx,200.81,Health
T00193,2023-07-17,MTA*NYCT PAYGO MIAMI FL,58.36,Transport
T00782,2023-02-19,76 - 5180 CHICAGO IL,73.18,Gas
T00071,2023-02-28,REGAL CINEMAS 6043 PHX AZ,68.83,Entertainment
T00543,2023-10-04,BEST BUY #768 OAKLAND CA,207.74,Shopping
T00870,2023-05-29,TST* THE CORNER DINER,79.16,Restaurants
T01891,2023-04-16,PARKING METER #847 OAKLAND CA,55.57,Transport
T00246,2023-03-10,POS DEBIT BP#1923,40.34,Gas
T00591,2023-06-05,UBER* EATS HELP.UBER.COM  ,6.43,Transport
T00384,2023-12-26,LYFT  *RIDE THU 4PM,47.92,Transport
T01043,2023-03-05,BEST BUY #82160 DALLAS TX  ,48.45,Shopping
T01011,2023-09-20,TST* THE CORNER DINER,17.63,Restaurants
T00641,2023-05-28,CHEVRON 53,92.27,Gas
T01757,2023-05-22,ATT*BILL  PAYMENT 84,303.63,Utilities
T01562,2023-05-22,ONCOR ELECTRIC DELIVERY,300.54,Utilities
T01251,2023-12-25,UBER*  EATS HELP.UBER.COM,33.7,Transport
T01103,2023-06-18,CHIPOTLE 59 OAKLAND CA,90.79,Restaurants
T00271,2023-10-27,MTA*NYCT PAYGO DALLAS TX  ,36.86,Transport
T01093,2023-07-09,CHEVRON 74391,69.74,Gas
T00861,2023-12-15,POS DEBIT BP#31,26.82,Gas
T00616,2023-12-04,AMZN MKTP US*85820 AMZN.COM/BILL WA,136.06,Shopping
T01778,2023-05-08,parking meter #7576 denver co,8.92,Transport
T01897,2023-10-23,WALMART SUPERCENTER #2609,291.36,Shopping
T01879,2023-03-26,AMZN MKTP US*91275 AMZN.COM/BILL WA,270.57,Shopping
T00460,2023-11-21,ATT*BILL PAYMENT 24979,47.79,Utilities
T00495,2023-10-27,TRADER JOE'S #7960,77.66,Groceries
T01189,2023-06-02,WALGREENS #3015,117.13,Health
T01417,2023-09-22,ALDI 264 DENVER CO,203.99,Groceries
T01250,2023-04-15,COMCAST CABLE COMM 13278,82.03,Utilities
T01083,2023-02-08,SQ  *TAQUERIA EL SOL CHICAGO IL,91.66,Restaurants
T01171,2023-10-28,DART RAIL OAKLAND CA,26.07,Transport
T01463,2023-02-16,ONCOR ELECTRIC DELIVERY,164.78,Utilities
T00699,2023-06-26,COMCAST CABLE COMM 676,236.95,Utilities
T00671,2023-10-01,SQ *THE COMEDY CLUB NY NY,62.35,Entertainment
T01044,2023-01-05,AMZN MKTP US*486 AMZN.COM/BILL WA,366.97,Shopping
T01483,2023-04-04,SAFEWAY #07 PHX AZ,65.16,Groceries
T00606,2023-01-26,DOORDASH*MCDONALDS,72.91,Restaurants
T01885,2023-09-30,att*bill payment 272,309.23,Utilities
T01489,2023-05-16,REGAL CINEMAS 336 BOSTON MA,60.2,Entertainment
T01932,2023-07-23,ONCOR ELECTRIC DELIVERY,134.36,Utilities
T01246,2023-08-14,DART RAIL BOSTON MA,23.03,Transport
T00722,2023-05-05,SQ *LOCAL GROUNDS DENVER CO,8.57,Coffee
T00879,2023-05-04,SQ *LOCAL GROUNDS NY NY,4.31,Coffee
T00283,2023-12-31,SQ *THE BOOK NOOK OAKLAND CA,285.08,Shopping
T01390,2023-11-16,ETSY.COM - SELLER204,52.71,Shopping
T01736,2023-05-05,ALDI 9594 CHICAGO IL,43.1,Groceries
T01617,2023-06-12,netflix.com 616,51.96,Entertainment
T00935,2023-12-29,BEST BUY #625 SEATTLE WA,470.39,Shopping
T01377,2023-09-05,STEAMGAMES.COM 7037 WA,53.12,Entertainment
T00640,2023-03-25,ONCOR ELECTRIC DELIVERY,272.23,Utilities
T00034,2023-02-21,BEST BUY #1188 DENVER CO,273.73,Shopping
T01127,2023-09-20,AMZN MKTP US*88 AMZN.COM/BILL WA,259.33,Shopping
T01872,2023-02-09,SPOTIFY USA 8079,7.38,Entertainment
T00981,2023-11-26,CHIPOTLE 45 CHICAGO IL,77.64,Restaurants
T01062,2023-12-07,TARGET 89126 DALLAS TX,76.85,Shopping
T00939,2023-11-04,ALDI 85 AUSTIN TX,181.62,Groceries
T01521,2023-08-04,POS DEBIT QUEST DIAGNOSTIC  ,105.01,Health
T00832,2023-02-27,BEST BUY #33332 DENVER CO,338.22,Shopping
T01129,2023-09-20,SQ *TAQUERIA EL SOL PHX AZ,124.53,Restaurants
T01458,2023-08-03,TARGET 785 BOSTON MA,362.6,Shopping
T01962,2023-08-21,AMZN MKTP US*68679 AMZN.COM/BILL WA,101.66,Shopping
T01763,2023-07-16,SPOTIFY USA 102,43.17,Entertainment
T01804,2023-02-12,EXXONMOBIL 612 PHX AZ,30.8,Gas
T00965,2023-06-19,TST* THE CORNER DINER,110.35,Restaurants
T01759,2023-07-16,lyft *ride thu 4pm,62.88,Transport
T00089,2023-06-06,GRUBHUB*THAI BASIL CHICAGO IL,138.72,Restaurants
T01996,2023-09-16,TST* THE CORNER DINER,138.9,Restaurants
T01793,2023-08-02,TST* OLIVE & VINE DALLAS TX,84.87,Restaurants
T00599,2023-03-12,UBER *TRIP AUSTIN TX  ,24.41,Transport
T00878,2023-02-27,AMC  ONLINE #6471,7.17,Entertainment
T00786,2023-06-25,AMC ONLINE #5940,56.2,Entertainment
T01844,2023-11-05,SQ *BLUE BOTTLE 5369 AUSTIN TX,11.38,Coffee
T01467,2023-01-17,ALDI 2609 DENVER CO,29.32,Groceries
T00226,2023-12-02,UBER* EATS HELP.UBER.COM,18.73,Transport
T00203,2023-05-29,SPOTIFY USA 11506,52.2,Entertainment
T00562,2023-11-22,LA FITNESS 992 PHX AZ,167.76,Health
T01355,2023-05-22,SAFEWAY #95 AUSTIN TX,118.95,Groceries
T01370,2023-10-02,CVS/PHARMACY #66 SEATTLE WA,256.3,Health
T01915,2023-12-11,WALGREENS #5432,184.3,Health
T00380,2023-11-11,WHOLEFDS MKT 616 OAKLAND CA,15.14,Groceries
T01068,2023-05-30,SQ  *LOCAL GROUNDS PHX AZ,9.26,Coffee
T01567,2023-10-25,MTA*NYCT PAYGO DALLAS TX,9.02,Transport
T01557,2023-12-29,GRUBHUB*THAI  BASIL CHICAGO IL,111.96,Restaurants
T00019,2023-04-19,CHEVRON 72063,67.46,Gas
T00506,2023-12-01,UBER *TRIP MIAMI FL,25.01,Transport
T01777,2023-11-08,ATT*BILL PAYMENT 049,101.53,Utilities
T00652,2023-04-17,TARGET 15 DENVER CO,63.66,Shopping
T00813,2023-02-13,CITY OF DALLAS WATER UT,120.83,Utilities
T01395,2023-06-15,starbucks store 93,10.87,Coffee
T01061,2023-03-16,76 - 109 OAKLAND CA,57.24,Gas
T01970,2023-02-17,REGAL CINEMAS 937 AUSTIN TX  ,19.56,Entertainment
T00653,2023-11-24,COMCAST CABLE COMM 42,93.39,Utilities
T01282,2023-10-29,SQ *TAQUERIA EL SOL CHICAGO IL,24.8,Restaurants
T00559,2023-12-02,SQ *BLUE BOTTLE 68679 AUSTIN TX,4.4,Coffee
T00812,2023-07-02,UBER*  EATS HELP.UBER.COM,23.74,Transport
T00167,2023-08-13,UBER* EATS HELP.UBER.COM,29.58,Transport
T01756,2023-12-18,SQ *BLUE BOTTLE 1760 DALLAS TX,11.33,Coffee
T00695,2023-05-10,TST* PHILZ COFFEE BOSTON MA  ,10.05,Coffee
T00312,2023-06-30,SQ *THE COMEDY CLUB PHX AZ,15.6,Entertainment
T00882,2023-08-10,SQ  *THE BOOK NOOK OAKLAND CA,408.08,Shopping
T01729,2023-11-06,spotify usa 91852,17.09,Entertainment
T01615,2023-07-14,MTA*NYCT PAYGO NY NY,5.55,Transport
T00801,2023-04-30,SAFEWAY #346 PHX AZ,97.88,Groceries
T00452,2023-03-26,ATT*BILL PAYMENT 1,269.26,Utilities
T00549,2023-11-19,SQ *TAQUERIA EL SOL DALLAS TX,29.21,Restaurants
T01319,2023-10-18,SQ *BLUE BOTTLE 94541 BOSTON MA,8.15,Coffee
T00022,2023-06-19,TST* OLIVE & VINE NY NY  ,16.02,Restaurants
T00787,2023-12-19,CIRCLE  K # 471,73.6,Gas
T00531,2023-04-13,STARBUCKS STORE 35,6.65,Coffee
T00199,2023-07-09,mta*nyct paygo phx az,30.35,Transport
T01908,2023-12-08,CIRCLE K # 81143,70.16,Gas
T01448,2023-07-28,RITE AID #77 DALLAS TX,78.17,Health
T01287,2023-09-05,DART RAIL MIAMI FL  ,54.88,Transport
T00643,2023-08-21,STEAMGAMES.COM 77 WA,61.4,Entertainment
T01177,2023-07-06,netflix.com 41119,29.53,Entertainment
T00032,2023-10-17,ALDI  592 PHX AZ,149.76,Groceries
T01275,2023-02-24,PEETS COFFEE #7123 OAKLAND CA,11.88,Coffee
T01591,2023-04-01,76 - 9404 DENVER CO,86.58,Gas
T00903,2023-11-22,76 - 3501 BOSTON MA,61.49,Gas
T01179,2023-12-15,SHELL OIL 05189 CHICAGO IL,84.99,Gas
T00586,2023-10-10,UBER* EATS HELP.UBER.COM,33.35,Transport
T01852,2023-04-07,WALGREENS #00692,204.07,Health
T00038,2023-05-16,EXXONMOBIL 9909 SEATTLE WA,69.4,Gas
T00420,2023-01-30,MTA*NYCT PAYGO DALLAS TX,17.14,Transport
T00466,2023-12-30,UBER* EATS HELP.UBER.COM,42.12,Transport
T01848,2023-02-18,BEST BUY #84 CHICAGO IL,72.61,Shopping
T01727,2023-09-04,TST* PHILZ COFFEE DALLAS TX,3.69,Coffee
T01681,2023-06-17,LYFT *RIDE THU 4PM,26.92,Transport
T00285,2023-02-20,DART RAIL BOSTON MA,23.79,Transport
T00792,2023-09-16,SQ *THE BOOK NOOK BOSTON MA,297.32,Shopping
T01651,2023-07-18,SHELL OIL 00 NY NY,75.19,Gas
T00099,2023-03-01,AMC  ONLINE #99680,27.2,Entertainment
T01873,2023-02-07,ALDI 236 OAKLAND CA,99.53,Groceries
T01013,2023-06-11,trader joe's #108,97.44,Groceries
T01606,2023-11-15,pos debit bp#380,66.91,Gas
T01424,2023-03-14,WALGREENS #133,87.32,Health
T00381,2023-03-14,SQ *TAQUERIA EL SOL OAKLAND CA  ,87.09,Restaurants
T00348,2023-12-08,STARBUCKS STORE 55,3.5,Coffee
T00822,2023-08-28,SHELL OIL 590 NY NY,82.67,Gas
T01597,2023-09-25,ALDI 84 BOSTON MA,158.95,Groceries
T00754,2023-02-09,TRADER JOE'S #11443,74.12,Groceries
T01697,2023-01-16,STEAMGAMES.COM  4071 WA,6.02,Entertainment
T01223,2023-11-06,KROGER 910 BOSTON MA,99.01,Groceries
T00106,2023-10-28,BEST BUY #8318 OAKLAND CA,148.92,Shopping
T01954,2023-07-18,LA  FITNESS 51024 OAKLAND CA,254.91,Health
T01105,2023-03-21,SPOTIFY  USA 67,46.94,Entertainment
T01514,2023-07-01,TARGET 8722 NY NY,279.13,Shopping
T00635,2023-11-10,CHIPOTLE 52171 CHICAGO IL,66.08,Restaurants
T01979,2023-11-01,ALDI 74 SEATTLE WA,213.63,Groceries
T01430,2023-01-01,STARBUCKS STORE 786,7.51,Coffee
T00044,2023-07-15,starbucks store 6745,9.31,Coffee
T00829,2023-03-13,AMZN MKTP US*47636 AMZN.COM/BILL WA,349.84,Shopping
T00376,2023-02-21,AMZN MKTP US*69393 AMZN.COM/BILL WA,467.72,Shopping
T01200,2023-05-29,KROGER 81 BOSTON MA,21.69,Groceries
T00789,2023-12-04,WHOLEFDS MKT 99265 OAKLAND CA,21.72,Groceries
T00827,2023-05-23,VERIZON  WIRELESS 25,106.06,Utilities
T01586,2023-04-27,LYFT *RIDE THU 4PM,27.29,Transport
T01715,2023-12-22,UBER* EATS HELP.UBER.COM,30.58,Transport
T01682,2023-03-09,SQ *LOCAL GROUNDS BOSTON MA  ,9.46,Coffee
T00392,2023-02-21,REGAL CINEMAS 55 PHX AZ,19.2,Entertainment
T00315,2023-11-27,76 - 55448 DENVER CO,73.54,Gas
T01375,2023-06-15,SQ *BLUE BOTTLE 097 NY NY,10.73,Coffee
T01443,2023-09-26,STEAMGAMES.COM 5658 WA,75.35,Entertainment
T00147,2023-11-15,UBER *TRIP MIAMI FL,63.4,Transport
T01532,2023-03-08,POS DEBIT QUEST DIAGNOSTIC,64.83,Health
T00366,2023-01-26,STARBUCKS STORE 2430,6.57,Coffee
T00513,2023-09-04,SQ *LOCAL GROUNDS DENVER CO,7.24,Coffee
T00079,2023-10-12,SQ *THE BOOK NOOK AUSTIN TX,199.83,Shopping
T00764,2023-09-17,SPOTIFY USA 41971,51.88,Entertainment
T01256,2023-05-12,WHOLEFDS MKT 5499 DENVER CO,217.91,Groceries
T00072,2023-07-12,EXXONMOBIL 74 CHICAGO IL,88.56,Gas
T01569,2023-07-17,POS DEBIT H-E-B #34520,96.34,Groceries
T00040,2023-02-27,CIRCLE K # 2647,64.26,Gas
T00735,2023-04-12,SQ *THE COMEDY CLUB DENVER CO,33.38,Entertainment
T00701,2023-08-11,WALGREENS #89589,142.61,Health
T01100,2023-09-11,SQ *TAQUERIA EL SOL BOSTON MA,18.52,Restaurants
T01807,2023-10-26,UBER* EATS HELP.UBER.COM,4.45,Transport
T00075,2023-09-25,COMCAST CABLE COMM 55,154.76,Utilities
T01440,2023-07-02,MTA*NYCT PAYGO OAKLAND CA,13.26,Transport
T01039,2023-06-07,POS DEBIT H-E-B #2338,96.58,Groceries
T00479,2023-01-05,MTA*NYCT PAYGO BOSTON MA,63.81,Transport
T00293,2023-02-02,WALGREENS #22216,133.28,Health
T00377,2023-07-18,TST* THE CORNER DINER,137.78,Restaurants
T00313,2023-06-10,SQ *THE COMEDY CLUB PHX AZ,62.46,Entertainment
T00823,2023-05-04,ETSY.COM - SELLER74202,226.29,Shopping
T00802,2023-07-27,VERIZON WIRELESS 36505,218.34,Utilities
T00816,2023-12-08,CITY OF DALLAS WATER UT,173.26,Utilities
T00662,2023-09-26,SQ *THE COMEDY CLUB NY NY,46.61,Entertainment
T00275,2023-09-16,SQ *BLUE BOTTLE 18021 AUSTIN TX,3.08,Coffee
T01425,2023-03-30,DART RAIL OAKLAND CA,14.63,Transport
T01303,2023-04-27,WHOLEFDS MKT 66532 SEATTLE WA,77.2,Groceries
T00333,2023-01-27,POS DEBIT H-E-B #4102,148.03,Groceries
T00976,2023-10-26,REGAL CINEMAS 62096 PHX AZ,83.38,Entertainment
T00833,2023-07-05,PARKING METER #62240 CHICAGO IL,61.03,Transport
T01060,2023-07-06,TST* PHILZ COFFEE MIAMI FL,5.88,Coffee
T01662,2023-03-30,DART RAIL OAKLAND CA,53.5,Transport
T01838,2023-12-07,LYFT *RIDE THU 4PM  ,24.39,Transport
T01941,2023-11-04,POS DEBIT BP#81852,69.92,Gas
T00527,2023-11-04,STARBUCKS STORE 83345,7.25,Coffee
T00749,2023-11-13,ALDI  0898 OAKLAND CA,89.95,Groceries
T00378,2023-12-25,LYFT *RIDE THU 4PM,3.78,Transport
T01566,2023-09-06,PARKING METER #83817 MIAMI FL,55.93,Transport
T01629,2023-12-08,TXU ENERGY PAYMENT,141.14,Utilities
T00767,2023-04-10,PEETS COFFEE #456 AUSTIN TX,8.47,Coffee
T01477,2023-07-27,76 - 33 BOSTON MA,94.73,Gas
T01752,2023-07-12,SQ *THE COMEDY CLUB PHX AZ  ,16.45,Entertainment
T01536,2023-05-02,verizon wireless 25,44.38,Utilities
T01657,2023-08-17,KROGER 0989 AUSTIN TX,199.22,Groceries
T00874,2023-01-24,ALDI 14 DALLAS TX,187.8,Groceries
T01635,2023-11-13,ALDI 922 DALLAS TX,124.12,Groceries
T00491,2023-06-26,SQ *BLUE BOTTLE 70405 CHICAGO IL,9.67,Coffee
T01019,2023-09-13,TARGET 99253 PHX AZ  ,72.93,Shopping
T00580,2023-10-13,SQ *BLUE BOTTLE 2521 DALLAS TX,5.85,Coffee
T00542,2023-09-19,PEETS COFFEE #5167 PHX AZ,7.42,Coffee
T01215,2023-03-02,CHEVRON 166,84.84,Gas
T00673,2023-07-06,STEAMGAMES.COM 970 WA,57.82,Entertainment
T00554,2023-08-04,KROGER 7598 DALLAS TX,205.36,Groceries
T00720,2023-01-22,BEST BUY #2151 SEATTLE WA  ,379.83,Shopping
T00151,2023-09-06,WHOLEFDS MKT 161 AUSTIN TX,150.7,Groceries
T01538,2023-12-02,COMCAST CABLE COMM 464,239.86,Utilities
T00607,2023-03-11,LA FITNESS 1393 BOSTON MA,184.47,Health
T00169,2023-05-10,SQ *LOCAL GROUNDS AUSTIN TX,6.48,Coffee
T01925,2023-03-10,POS DEBIT H-E-B #402,177.38,Groceries
T01378,2023-10-07,ETSY.COM - SELLER391,457.09,Shopping
T00781,2023-02-18,TST* PHILZ COFFEE BOSTON MA,8.65,Coffee
T00457,2023-12-04,DOORDASH*MCDONALDS,26.59,Restaurants
T00280,2023-09-01,ETSY.COM - SELLER83,186.02,Shopping
T01896,2023-09-16,SQ *LOCAL GROUNDS SEATTLE WA,9.05,Coffee
T01887,2023-12-22,DOORDASH*MCDONALDS,26.76,Restaurants
T01964,2023-03-26,ONCOR ELECTRIC DELIVERY  ,268.63,Utilities
T00178,2023-10-11,GRUBHUB*THAI BASIL OAKLAND CA,123.89,Restaurants
T01271,2023-06-10,SQ  *THE COMEDY CLUB AUSTIN TX,43.12,Entertainment
T00201,2023-03-02,TST* OLIVE & VINE DENVER CO,128.93,Restaurants
T00131,2023-05-01,KROGER 36666 SEATTLE WA,106.16,Groceries
T01462,2023-02-11,ATT*BILL PAYMENT 79,173.42,Utilities
T01162,2023-10-11,76 - 011 MIAMI FL,86.32,Gas
T00739,2023-08-23,CHIPOTLE  32 CHICAGO IL,121.01,Restaurants
T01016,2023-07-18,SQ *CITY DENTAL PHX AZ,167.72,Health
T01206,2023-08-12,ATT*BILL PAYMENT 95435,177.25,Utilities
T00834,2023-01-28,REGAL CINEMAS 5049 PHX AZ  ,68.11,Entertainment
T01871,2023-07-02,UBER *TRIP NY NY,56.04,Transport
T00550,2023-07-23,SQ *CITY DENTAL CHICAGO IL,151.96,Health
T01132,2023-11-20,AMZN  MKTP US*843 AMZN.COM/BILL WA,314.16,Shopping
T00062,2023-03-20,walmart supercenter #8849,188.79,Shopping
T00398,2023-07-31,SQ *THE BOOK NOOK AUSTIN TX,389.46,Shopping
T00758,2023-10-08,TXU ENERGY PAYMENT,180.8,Utilities
T01608,2023-07-22,CITY OF DALLAS WATER UT,207.3,Utilities
T00258,2023-01-25,SQ *TAQUERIA EL SOL DENVER CO,102.02,Restaurants
T00516,2023-08-03,ATT*BILL PAYMENT 2,173.7,Utilities
T01701,2023-08-22,POS  DEBIT H-E-B #60,163.59,Groceries
T00095,2023-06-15,CITY OF DALLAS WATER UT  ,153.81,Utilities
T00686,2023-03-15,DART RAIL DALLAS TX  ,42.85,Transport
T01381,2023-04-30,TST* OLIVE & VINE BOSTON MA,84.53,Restaurants
T01914,2023-09-14,SQ *CITY DENTAL AUSTIN TX,149.02,Health
T01224,2023-04-06,POS DEBIT QUEST DIAGNOSTIC,117.35,Health
T00107,2023-07-13,SPOTIFY USA 70592,70.08,Entertainment
T01471,2023-09-05,pos debit h-e-b #375,64.83,Groceries
T00400,2023-10-20,DOORDASH*MCDONALDS,127.26,Restaurants
T00069,2023-04-13,CVS/PHARMACY #3673 OAKLAND CA,247.4,Health
T00324,2023-12-27,DUNKIN #8720 PHX AZ,5.91,Coffee
T01119,2023-11-07,SQ *BLUE BOTTLE 84 NY NY,5.52,Coffee
T00768,2023-12-10,WALGREENS #3206,121.36,Health
T00645,2023-01-17,WALGREENS #23,19.18,Health
T01418,2023-01-18,POS DEBIT BP#478,71.08,Gas
T01490,2023-04-04,WALGREENS  #4510,199.15,Health
T01078,2023-03-24,DUNKIN  #41195 OAKLAND CA,4.86,Coffee
T00463,2023-05-08,VERIZON WIRELESS 8259,286.88,Utilities
T00186,2023-07-04,ONCOR ELECTRIC DELIVERY,58.54,Utilities
T00302,2023-07-01,TXU ENERGY PAYMENT,215.84,Utilities
T01627,2023-10-05,DART RAIL NY NY,31.62,Transport
T00180,2023-07-22,ONCOR ELECTRIC DELIVERY,149.1,Utilities
T01255,2023-03-17,NETFLIX.COM 02,20.05,Entertainment
T01155,2023-03-10,TRADER JOE'S #46,112.15,Groceries
T00165,2023-01-22,POS DEBIT H-E-B #78,210.62,Groceries
T01519,2023-03-04,DOORDASH*MCDONALDS,104.74,Restaurants
T00010,2023-11-26,CITY OF DALLAS WATER UT,143.8,Utilities
T01249,2023-04-26,TST* OLIVE & VINE NY NY  ,24.93,Restaurants
T00977,2023-06-06,STARBUCKS STORE 916,6.56,Coffee
T01978,2023-03-18,UBER *TRIP AUSTIN TX,27.51,Transport
T01481,2023-01-07,POS DEBIT H-E-B #365,145.92,Groceries
T01235,2023-01-03,ATT*BILL PAYMENT 90,182.83,Utilities
T01539,2023-10-09,POS DEBIT QUEST DIAGNOSTIC,131.84,Health
T01335,2023-05-05,SQ *CITY DENTAL NY NY,83.27,Health
T00796,2023-10-13,KROGER 66 DENVER CO,159.47,Groceries
T00345,2023-07-25,TST* OLIVE & VINE BOSTON MA,66.22,Restaurants
T01760,2023-05-19,GRUBHUB*THAI BASIL PHX AZ,137.27,Restaurants
T00189,2023-12-23,SHELL OIL 8945 DALLAS TX,72.93,Gas
T00626,2023-07-31,RITE AID #23 DALLAS TX,201.36,Health
T00952,2023-11-17,PARKING METER #966 PHX AZ,50.14,Transport
T01982,2023-06-02,TST* THE CORNER DINER,94.99,Restaurants
T01364,2023-11-04,SAFEWAY #92382 DENVER CO,192.12,Groceries
T01511,2023-03-19,POS DEBIT H-E-B #36289,218.84,Groceries
T00894,2023-03-12,lyft *ride thu 4pm,24.92,Transport
T01116,2023-11-21,ONCOR ELECTRIC DELIVERY,119.27,Utilities
T00859,2023-05-26,STEAMGAMES.COM 92 WA,23.11,Entertainment
T01151,2023-04-04,WHOLEFDS  MKT 95251 DALLAS TX,218.93,Groceries
T01854,2023-03-05,WALMART SUPERCENTER #414,125.54,Shopping
T00733,2023-08-11,STEAMGAMES.COM 163 WA,29.95,Entertainment
T00197,2023-09-20,PARKING METER #35986 AUSTIN TX,27.59,Transport
T01324,2023-02-02,WALGREENS #7678,147.86,Health
T00327,2023-02-17,COMCAST CABLE COMM 591,55.77,Utilities
T00316,2023-11-14,76 - 501 DALLAS TX,83.94,Gas
T00462,2023-02-23,txu energy payment,259.19,Utilities
T01292,2023-11-23,PARKING METER #22 AUSTIN TX,25.79,Transport
T00030,2023-09-29,CVS/PHARMACY #936 PHX AZ,239.85,Health
T01191,2023-03-16,CITY OF DALLAS WATER UT,194.08,Utilities
T00726,2023-08-01,LYFT *RIDE THU 4PM  ,19.26,Transport
T00761,2023-06-12,pos debit quest diagnostic,39.23,Health
T01726,2023-03-25,TST* PHILZ COFFEE DALLAS TX,5.64,Coffee
T01192,2023-06-12,UBER* EATS HELP.UBER.COM,33.47,Transport
T00968,2023-10-11,SQ *TAQUERIA EL SOL CHICAGO IL,55.5,Restaurants
T01445,2023-05-12,KROGER 43 MIAMI FL,52.71,Groceries
T00319,2023-09-11,AMZN MKTP US*3683 AMZN.COM/BILL WA,274.99,Shopping
T01737,2023-07-18,SPOTIFY USA 679,14.32,Entertainment
T00166,2023-02-22,sq *the comedy club boston ma,11.2,Entertainment
T01596,2023-12-29,DOORDASH*MCDONALDS,128.44,Restaurants
T01314,2023-01-18,SHELL OIL 715 DENVER CO,26.49,Gas
T01280,2023-04-05,DUNKIN #51211 AUSTIN TX,7.35,Coffee
T01498,2023-08-07,AMZN MKTP US*213 AMZN.COM/BILL WA,19.18,Shopping
T00689,2023-10-07,POS DEBIT BP#73,43.85,Gas
T01783,2023-03-13,SPOTIFY USA 27,55.6,Entertainment
T00442,2023-12-09,AMC ONLINE #2,76.16,Entertainment
T00446,2023-02-28,MTA*NYCT PAYGO AUSTIN TX,23.59,Transport
T01452,2023-04-18,MTA*NYCT PAYGO DALLAS TX,48.78,Transport
T00571,2023-08-04,REGAL CINEMAS 29 DALLAS TX  ,24.24,Entertainment
T01499,2023-02-24,CITY OF DALLAS WATER UT,270.51,Utilities
T00385,2023-09-12,TXU ENERGY PAYMENT,190.53,Utilities
T01977,2023-07-21,POS DEBIT H-E-B #184,47.64,Groceries
T01580,2023-10-03,SQ *LOCAL GROUNDS MIAMI FL,7.07,Coffee
T00049,2023-09-24,CVS/PHARMACY #75574 CHICAGO IL  ,119.01,Health
T00184,2023-08-03,LA FITNESS 99 NY NY,21.94,Health
T00257,2023-01-09,LYFT *RIDE THU 4PM,28.41,Transport
T00941,2023-11-17,STARBUCKS STORE 97,10.35,Coffee
T01533,2023-05-08,CHEVRON 95,68.05,Gas
T01484,2023-04-08,SQ *TAQUERIA EL SOL PHX AZ,47.52,Restaurants
T01134,2023-10-03,sq *local grounds chicago il,11.74,Coffee
T00309,2023-07-22,LA FITNESS 30389 DALLAS TX,174.33,Health
T01690,2023-04-19,NETFLIX.COM 1320,19.79,Entertainment
T01686,2023-10-13,SPOTIFY USA 97,60.16,Entertainment
T01983,2023-09-17,UBER* EATS HELP.UBER.COM,41.44,Transport
T01092,2023-03-21,SQ *CITY DENTAL CHICAGO IL  ,138.39,Health
T00026,2023-05-08,SQ *TAQUERIA EL SOL DALLAS TX,47.65,Restaurants
T00721,2023-02-06,oncor electric delivery,194.32,Utilities
T00008,2023-07-14,LYFT *RIDE THU 4PM,12.29,Transport
T01551,2023-06-09,CHEVRON 18665  ,33.21,Gas
T00389,2023-03-25,PARKING METER #13294 PHX AZ,45.29,Transport
T01548,2023-09-04,SAFEWAY #3420 OAKLAND CA,43.76,Groceries
T01368,2023-06-18,ATT*BILL PAYMENT 548,203.66,Utilities
T01647,2023-03-07,KROGER 85 BOSTON MA,19.72,Groceries
T00727,2023-03-10,CIRCLE K # 9067,65.74,Gas
T01304,2023-12-17,SQ *BLUE BOTTLE 99 BOSTON MA,6.41,Coffee
T01575,2023-05-07,PARKING METER #1262 SEATTLE WA,64.13,Transport
T00528,2023-07-16,ONCOR  ELECTRIC DELIVERY,45.38,Utilities
T00103,2023-03-20,CVS/PHARMACY #12217 AUSTIN TX,39.37,Health
T00887,2023-03-24,SPOTIFY USA 6395,73.18,Entertainment
T01015,2023-02-22,UBER *TRIP CHICAGO IL,33.47,Transport
T00421,2023-08-03,VERIZON WIRELESS 2292,106.34,Utilities
T01325,2023-03-17,SPOTIFY  USA 4524,58.95,Entertainment
T00723,2023-11-09,SHELL OIL 647 CHICAGO IL,31.81,Gas
T01160,2023-07-30,ATT*BILL PAYMENT 481,117.36,Utilities
T01393,2023-05-15,SQ *CITY DENTAL AUSTIN TX,80.0,Health
T01238,2023-12-05,VERIZON WIRELESS 87586,193.92,Utilities
T00569,2023-06-14,AMZN MKTP US*80967 AMZN.COM/BILL WA,240.22,Shopping
T00551,2023-08-19,POS DEBIT H-E-B #61,144.12,Groceries
T00611,2023-04-13,EXXONMOBIL 81681 DENVER CO  ,82.27,Gas
T00233,2023-02-10,AMZN MKTP US*51712 AMZN.COM/BILL WA,143.76,Shopping
T00064,2023-07-19,TXU ENERGY PAYMENT  ,131.73,Utilities
T00700,2023-09-01,SQ *LOCAL GROUNDS DALLAS TX,7.29,Coffee
T01874,2023-02-19,POS DEBIT H-E-B #94166,59.79,Groceries
T01841,2023-05-31,ALDI 81 NY NY,183.54,Groceries
T00486,2023-12-11,CHIPOTLE 50860 MIAMI FL,14.16,Restaurants
T01943,2023-04-10,EXXONMOBIL 37 BOSTON MA,64.86,Gas
T01788,2023-03-16,safeway #3169 boston ma,218.38,Groceries
T01661,2023-03-13,STEAMGAMES.COM 20012 WA,8.06,Entertainment
T00964,2023-11-24,CITY OF DALLAS WATER UT,287.99,Utilities
T00836,2023-06-02,ONCOR ELECTRIC DELIVERY,243.08,Utilities
T01832,2023-10-01,TST* OLIVE & VINE DENVER CO,76.06,Restaurants
T01582,2023-11-11,UBER  *TRIP PHX AZ,63.57,Transport
T00490,2023-03-05,ETSY.COM - SELLER305,269.99,Shopping
T00704,2023-04-03,COMCAST CABLE COMM 751,224.83,Utilities
T01646,2023-05-17,VERIZON WIRELESS 2168,169.43,Utilities
T01434,2023-09-17,safeway #83 oakland ca,41.39,Groceries
T01903,2023-07-30,VERIZON WIRELESS 70  ,92.18,Utilities
T00614,2023-12-24,SQ *TAQUERIA EL SOL PHX AZ,30.09,Restaurants
T01148,2023-08-06,DUNKIN #182 BOSTON MA,4.63,Coffee
T01186,2023-08-09,CHIPOTLE 76 OAKLAND CA,58.27,Restaurants
T00805,2023-12-05,TXU ENERGY PAYMENT,244.05,Utilities
T01570,2023-01-21,POS DEBIT H-E-B #9340,105.72,Groceries
T01894,2023-11-23,SQ *BLUE BOTTLE 92 AUSTIN TX,9.82,Coffee
T00676,2023-05-05,SAFEWAY #38 MIAMI FL,63.91,Groceries
T00322,2023-05-02,AMZN MKTP US*34447 AMZN.COM/BILL WA,477.15,Shopping
T01550,2023-12-11,TRADER JOE'S #2300,135.12,Groceries
T01561,2023-05-30,VERIZON WIRELESS 27,125.46,Utilities
T00349,2023-09-25,shell oil 90 oakland ca,91.71,Gas
T00336,2023-02-22,VERIZON WIRELESS 489,235.96,Utilities
T00093,2023-02-06,DOORDASH*MCDONALDS,117.81,Restaurants
T00706,2023-02-17,AMC ONLINE #742,7.99,Entertainment
T00734,2023-01-15,WALMART SUPERCENTER #5677,91.02,Shopping
T00793,2023-10-03,WHOLEFDS MKT 67 NY NY,50.21,Groceries
T01346,2023-08-21,CVS/PHARMACY #917 PHX AZ,178.48,Health
T00519,2023-09-04,TXU ENERGY PAYMENT,293.07,Utilities
T00909,2023-03-08,NETFLIX.COM  728,11.22,Entertainment
T00451,2023-06-27,TST* THE CORNER DINER,43.82,Restaurants
T00563,2023-06-07,TXU ENERGY PAYMENT,59.63,Utilities
T00634,2023-01-26,SQ *CITY DENTAL BOSTON MA,201.29,Health
T00797,2023-06-09,SQ *BLUE BOTTLE 8088 MIAMI FL,8.4,Coffee
T01413,2023-06-01,TARGET 6782 NY NY,102.03,Shopping
T00596,2023-07-12,VERIZON WIRELESS 95140,185.05,Utilities
T01522,2023-06-03,ONCOR ELECTRIC DELIVERY,268.15,Utilities
T00938,2023-11-30,POS  DEBIT BP#99937,86.37,Gas
T00633,2023-05-06,DART RAIL DENVER CO,57.3,Transport
T00778,2023-05-13,SAFEWAY #08745 PHX AZ,104.39,Groceries
T00680,2023-10-25,POS  DEBIT H-E-B #42914,182.49,Groceries
T01670,2023-03-07,CHIPOTLE 36769 PHX AZ,101.39,Restaurants
T00433,2023-09-24,KROGER 2736 OAKLAND CA,74.62,Groceries
T00776,2023-11-24,best buy #29428 oakland ca,149.68,Shopping
T01528,2023-03-15,SQ *THE BOOK NOOK SEATTLE WA  ,230.08,Shopping
T01244,2023-08-24,SQ *THE BOOK NOOK AUSTIN TX,121.55,Shopping
T00642,2023-08-23,SHELL OIL 983 OAKLAND CA,42.72,Gas
T00404,2023-02-21,LA FITNESS 53 DALLAS TX,155.67,Health
T01476,2023-06-05,CHEVRON 6295  ,39.82,Gas
T00638,2023-02-28,DOORDASH*MCDONALDS,27.81,Restaurants
T00335,2023-03-03,TRADER JOE'S #531  ,85.43,Groceries
T00232,2023-05-21,CHIPOTLE 3396 SEATTLE WA,83.74,Restaurants
T00108,2023-07-30,AMC ONLINE #714,77.91,Entertainment
T00530,2023-05-03,pos debit quest diagnostic,19.02,Health
T00424,2023-12-15,AMZN MKTP US*16769 AMZN.COM/BILL WA,94.41,Shopping
T01691,2023-03-23,76 - 80 CHICAGO IL,60.76,Gas
T00454,2023-09-13,COMCAST CABLE COMM 080,158.23,Utilities
T00082,2023-06-11,MTA*NYCT PAYGO CHICAGO IL,47.44,Transport
T01419,2023-06-22,uber* eats help.uber.com,31.96,Transport
T00803,2023-04-29,SQ  *THE COMEDY CLUB AUSTIN TX,47.1,Entertainment
T01487,2023-02-27,TST* OLIVE & VINE CHICAGO IL,86.46,Restaurants
T01204,2023-06-21,SQ *BLUE BOTTLE 809 BOSTON MA,8.4,Coffee
T01603,2023-12-31,POS DEBIT QUEST DIAGNOSTIC,233.09,Health
T00940,2023-08-16,DART RAIL AUSTIN TX,60.98,Transport
T01361,2023-09-08,DART RAIL NY NY,44.08,Transport
T01543,2023-09-27,POS DEBIT BP#145,77.12,Gas
T00555,2023-12-30,ONCOR ELECTRIC DELIVERY,214.58,Utilities
T01773,2023-03-27,ALDI 73 CHICAGO IL,208.11,Groceries
T01153,2023-09-30,LYFT *RIDE THU 4PM,35.63,Transport
T01579,2023-05-10,DART RAIL AUSTIN TX,19.39,Transport
T00888,2023-09-09,chipotle 85 dallas tx,32.01,Restaurants
T00772,2023-02-14,AMC  ONLINE #825,55.32,Entertainment
T00587,2023-02-04,76  - 5285 SEATTLE WA,61.62,Gas
T01999,2023-02-27,TST* OLIVE & VINE BOSTON MA,21.54,Restaurants
T00609,2023-02-27,SQ *TAQUERIA EL SOL SEATTLE WA,85.73,Restaurants
T00986,2023-04-07,SPOTIFY USA 94700,32.3,Entertainment
T01365,2023-07-29,VERIZON WIRELESS 029,279.7,Utilities
T01660,2023-07-26,SQ *TAQUERIA EL SOL MIAMI FL,71.09,Restaurants
T00529,2023-04-14,TXU ENERGY PAYMENT,155.72,Utilities
T01677,2023-11-30,comcast cable comm 38,41.95,Utilities
T01893,2023-01-17,CVS/PHARMACY #7551 CHICAGO IL,94.42,Health
T00496,2023-04-24,76 - 5182 DALLAS TX  ,42.23,Gas
T00759,2023-09-05,steamgames.com 9293 wa,27.84,Entertainment
T01070,2023-04-02,POS  DEBIT BP#89056,93.19,Gas
T01527,2023-07-11,EXXONMOBIL 20 DENVER CO,53.26,Gas
T00855,2023-05-16,AMC ONLINE #7046,69.97,Entertainment
T00412,2023-03-05,TST* PHILZ COFFEE DENVER CO,8.72,Coffee
T01403,2023-08-30,SQ *LOCAL GROUNDS PHX AZ,10.77,Coffee
T01968,2023-08-20,CITY OF DALLAS WATER UT,49.55,Utilities
T00029,2023-01-30,BEST BUY #6930 DALLAS TX,110.75,Shopping
T01263,2023-05-29,MTA*NYCT PAYGO DALLAS TX,11.46,Transport
T00297,2023-09-09,DOORDASH*MCDONALDS,100.95,Restaurants
T00876,2023-07-22,SQ *TAQUERIA EL SOL AUSTIN TX,14.29,Restaurants
T00198,2023-11-27,SHELL  OIL 869 OAKLAND CA,41.52,Gas
T01958,2023-11-23,GRUBHUB*THAI BASIL DALLAS TX  ,59.15,Restaurants
T01619,2023-01-30,UBER *TRIP NY NY  ,2.22,Transport
T00326,2023-05-07,etsy.com - seller718,160.03,Shopping
T01086,2023-08-11,TST* THE CORNER DINER,52.49,Restaurants
T01451,2023-01-07,SQ *THE COMEDY CLUB BOSTON MA,84.11,Entertainment
T01278,2023-04-13,CHEVRON 308,68.66,Gas
T00128,2023-07-29,PARKING METER #663 DENVER CO,21.04,Transport
T01827,2023-12-05,DUNKIN #9834 DENVER CO,4.92,Coffee
T01829,2023-03-08,TST* OLIVE & VINE NY NY,14.65,Restaurants
T00508,2023-11-26,steamgames.com 64 wa,12.48,Entertainment
T01449,2023-11-22,TST* OLIVE & VINE CHICAGO IL,88.68,Restaurants
T00769,2023-01-29,ALDI 25486 SEATTLE WA,119.87,Groceries
T01563,2023-10-08,NETFLIX.COM 7507,70.75,Entertainment
T01025,2023-04-12,WALGREENS #519,87.87,Health
T01928,2023-02-07,POS DEBIT BP#174,60.41,Gas
T01030,2023-04-08,TXU ENERGY PAYMENT,88.82,Utilities
T00718,2023-04-08,ETSY.COM  - SELLER13994,306.68,Shopping
T00799,2023-12-13,LYFT *RIDE THU 4PM,34.93,Transport
T01316,2023-08-09,PEETS COFFEE #58198 NY NY,4.66,Coffee
T01175,2023-10-18,SQ *LOCAL GROUNDS PHX AZ,11.62,Coffee
T00097,2023-02-16,SQ *THE COMEDY CLUB PHX AZ,74.4,Entertainment
T00910,2023-07-22,SPOTIFY USA 10233,52.95,Entertainment
T01774,2023-04-02,TST* OLIVE & VINE AUSTIN TX,46.44,Restaurants
T00329,2023-09-11,REGAL CINEMAS 1037 NY NY,75.29,Entertainment
T00261,2023-10-30,CHIPOTLE 676 MIAMI FL,19.8,Restaurants
T00980,2023-08-15,STEAMGAMES.COM 48170 WA,8.08,Entertainment
T01248,2023-02-26,SQ *THE BOOK NOOK AUSTIN TX,313.07,Shopping
T01026,2023-11-22,DOORDASH*MCDONALDS,69.38,Restaurants
T00350,2023-03-02,RITE AID #2735 DALLAS TX,228.37,Health
T00886,2023-06-23,DOORDASH*MCDONALDS,128.36,Restaurants
T00839,2023-11-25,SAFEWAY #78920 DENVER CO,171.2,Groceries
T00737,2023-11-09,ATT*BILL PAYMENT 60,74.86,Utilities
T00487,2023-07-03,ALDI 82 PHX AZ  ,188.89,Groceries
T00219,2023-12-01,SPOTIFY USA 597  ,47.57,Entertainment
T01147,2023-02-13,WALMART SUPERCENTER #78,444.46,Shopping
T01213,2023-07-31,WHOLEFDS  MKT 47369 MIAMI FL,178.07,Groceries
T01721,2023-09-07,STEAMGAMES.COM 54 WA,37.92,Entertainment
T01803,2023-05-05,STEAMGAMES.COM 77125 WA,25.75,Entertainment
T01108,2023-06-19,UBER* EATS HELP.UBER.COM  ,26.86,Transport
T01497,2023-08-22,ONCOR ELECTRIC DELIVERY,73.48,Utilities
T00835,2023-08-15,CHIPOTLE 40536 AUSTIN TX,42.26,Restaurants
T01219,2023-08-28,WALMART SUPERCENTER #26114,315.71,Shopping
T01001,2023-03-04,ETSY.COM - SELLER1093,367.6,Shopping
T00774,2023-10-18,wholefds mkt 83729 miami fl,109.73,Groceries
T01906,2023-04-10,ETSY.COM - SELLER560,125.54,Shopping
T01399,2023-08-27,steamgames.com 1970 wa,78.76,Entertainment
T01230,2023-05-26,ATT*BILL PAYMENT 36,285.7,Utilities
T00743,2023-09-16,76 - 53 OAKLAND CA,76.34,Gas
T00775,2023-06-04,CHEVRON 852,27.96,Gas
T00601,2023-10-23,POS DEBIT H-E-B #7905,156.37,Groceries
T00967,2023-01-16,TRADER JOE'S #7215,88.78,Groceries
T01111,2023-08-08,CHEVRON 8192  ,83.09,Gas
T01229,2023-06-17,STEAMGAMES.COM  35 WA,20.38,Entertainment
T01410,2023-02-14,SQ  *THE COMEDY CLUB AUSTIN TX,13.61,Entertainment
T01374,2023-08-01,ATT*BILL PAYMENT 1391,228.46,Utilities
T01534,2023-10-30,CHIPOTLE 747 SEATTLE WA,71.16,Restaurants
T00065,2023-06-22,TXU ENERGY PAYMENT,42.98,Utilities
T00854,2023-03-07,SHELL OIL 8690 DALLAS TX,46.93,Gas
T00639,2023-10-09,REGAL CINEMAS 1397 BOSTON MA,19.43,Entertainment
T00023,2023-10-20,ALDI 285 NY NY,163.29,Groceries
T00436,2023-11-01,SHELL OIL 0612 CHICAGO IL,68.62,Gas
T01810,2023-12-07,CIRCLE K # 63  ,84.65,Gas
T01207,2023-11-18,TST* OLIVE & VINE PHX AZ,119.91,Restaurants
T00617,2023-12-30,UBER *TRIP NY NY,34.04,Transport
T00456,2023-01-28,SQ *BLUE BOTTLE 8328 DENVER CO,6.27,Coffee
T00540,2023-05-08,REGAL CINEMAS 240 CHICAGO IL,23.03,Entertainment
T00992,2023-05-26,SQ *LOCAL GROUNDS NY NY  ,11.67,Coffee
T01385,2023-08-06,STARBUCKS STORE 21,4.02,Coffee
T00492,2023-02-28,DOORDASH*MCDONALDS,44.35,Restaurants
T00405,2023-10-20,ALDI 36 MIAMI FL,149.23,Groceries
T00974,2023-03-27,76 - 27425 DENVER CO,68.04,Gas
T00141,2023-08-20,SQ *CITY DENTAL BOSTON MA,63.76,Health
T00447,2023-03-27,COMCAST CABLE COMM 35629,213.43,Utilities
T00043,2023-07-31,LA FITNESS 947 DALLAS TX,212.69,Health
T01618,2023-06-14,SQ *BLUE BOTTLE 52 PHX AZ,9.52,Coffee
T01868,2023-01-11,WALMART SUPERCENTER #775,9.59,Shopping
T00514,2023-12-04,CHEVRON 78753,37.73,Gas
T01517,2023-08-14,TARGET 35530 NY NY,20.88,Shopping
T01097,2023-09-18,SQ *BLUE BOTTLE 9079 OAKLAND CA,6.82,Coffee
T01784,2023-07-24,BEST BUY #145 NY NY,127.38,Shopping
T00548,2023-07-15,76 - 833 CHICAGO IL,63.87,Gas
T00912,2023-09-28,CHEVRON 496,60.92,Gas
T00228,2023-03-19,CIRCLE K # 32  ,46.96,Gas
T01441,2023-01-19,ONCOR ELECTRIC DELIVERY,133.24,Utilities
T01120,2023-12-09,KROGER 258 SEATTLE WA,37.86,Groceries
T01101,2023-03-02,ATT*BILL PAYMENT 1855,268.96,Utilities
T01822,2023-05-26,DOORDASH*MCDONALDS,70.42,Restaurants
T00001,2023-10-07,WHOLEFDS MKT 4012 DALLAS TX,153.72,Groceries
T01796,2023-10-29,DART RAIL SEATTLE WA,44.07,Transport
T01233,2023-03-04,SQ *THE COMEDY CLUB DENVER CO,59.85,Entertainment
T00556,2023-08-19,SQ *THE BOOK NOOK SEATTLE WA,253.88,Shopping
T00282,2023-02-08,ALDI 29 PHX AZ,24.55,Groceries
T01704,2023-04-14,DUNKIN #84 CHICAGO IL,9.47,Coffee
T01455,2023-11-16,walmart supercenter #7397,284.09,Shopping
T00846,2023-05-17,WHOLEFDS MKT 59468 AUSTIN TX,56.64,Groceries
T00249,2023-03-01,WHOLEFDS MKT 586 DALLAS TX,121.67,Groceries
T01529,2023-04-25,ONCOR  ELECTRIC DELIVERY,130.88,Utilities
T01052,2023-09-16,POS DEBIT H-E-B #38517,194.63,Groceries
T01857,2023-02-27,SQ *LOCAL GROUNDS DALLAS TX,5.49,Coffee
T01273,2023-06-04,DUNKIN #98 AUSTIN TX,8.54,Coffee
T00146,2023-10-12,WALGREENS #672,97.53,Health
T00396,2023-04-05,SAFEWAY  #61727 CHICAGO IL,126.55,Groceries
T01076,2023-09-29,WALGREENS #91847,144.1,Health
T00347,2023-05-03,POS DEBIT QUEST DIAGNOSTIC,192.49,Health
T00575,2023-01-22,ALDI 484 CHICAGO IL,47.52,Groceries
T00157,2023-06-16,TXU  ENERGY PAYMENT,40.74,Utilities
T01178,2023-08-15,UBER *TRIP CHICAGO IL,63.64,Transport
T01293,2023-03-24,WALGREENS #258,66.37,Health
T01291,2023-08-15,ONCOR ELECTRIC DELIVERY  ,241.23,Utilities
T00156,2023-10-22,KROGER 55 DENVER CO,191.73,Groceries
T01332,2023-09-18,76 - 13 SEATTLE WA,79.66,Gas
T01118,2023-04-04,SAFEWAY #4596 MIAMI FL,198.5,Groceries
T00464,2023-09-20,BEST  BUY #4819 DALLAS TX,292.39,Shopping
T00273,2023-06-30,RITE AID #4216 DENVER CO,193.19,Health
T01234,2023-06-15,PARKING METER #3 OAKLAND CA,10.74,Transport
T01478,2023-09-25,SQ *THE COMEDY CLUB DALLAS TX,48.09,Entertainment
T00627,2023-04-05,CITY OF DALLAS WATER UT,64.36,Utilities
T00272,2023-09-13,CITY OF DALLAS WATER UT,264.17,Utilities
T00738,2023-05-19,SPOTIFY USA 48953,59.09,Entertainment
T00959,2023-09-20,CHEVRON  816,65.92,Gas
T00560,2023-03-29,CITY OF DALLAS WATER UT,71.1,Utilities
T00393,2023-07-21,LYFT *RIDE THU 4PM,8.04,Transport
T01537,2023-10-23,POS DEBIT BP#0191,38.14,Gas
T01735,2023-01-07,SQ *TAQUERIA EL SOL OAKLAND CA,77.31,Restaurants
T01607,2023-07-31,BEST BUY #3356 MIAMI FL,204.3,Shopping
T00290,2023-09-20,MTA*NYCT PAYGO DALLAS TX,37.09,Transport
T00931,2023-10-12,WALGREENS #382,115.94,Health
T00719,2023-11-26,SHELL OIL 25 DENVER CO,80.49,Gas
T01090,2023-11-08,SQ *THE BOOK NOOK PHX AZ,268.33,Shopping
T00620,2023-05-22,UBER* EATS HELP.UBER.COM,63.65,Transport
T01274,2023-07-26,GRUBHUB*THAI BASIL OAKLAND CA,62.26,Restaurants
T01386,2023-05-31,SPOTIFY USA 18332  ,15.88,Entertainment
T01124,2023-04-09,ETSY.COM - SELLER99744,28.68,Shopping
T00300,2023-08-05,KROGER 18242 NY NY,46.6,Groceries
T00187,2023-05-10,ALDI 49 OAKLAND CA,216.11,Groceries
T01750,2023-06-22,WALGREENS #92,207.49,Health
T01541,2023-12-31,DUNKIN #96 DENVER CO,4.08,Coffee
T00988,2023-07-26,EXXONMOBIL 63 SEATTLE WA,54.8,Gas
T00675,2023-07-27,STEAMGAMES.COM 289 WA,48.67,Entertainment
T01174,2023-08-09,POS DEBIT QUEST DIAGNOSTIC,223.99,Health
T01185,2023-11-24,netflix.com 7447,45.48,Entertainment
T01720,2023-05-11,REGAL CINEMAS 86 OAKLAND CA,35.53,Entertainment
T01931,2023-03-07,DOORDASH*MCDONALDS,24.29,Restaurants
T00472,2023-08-15,CVS/PHARMACY #95 NY NY,205.23,Health
T00798,2023-09-01,SPOTIFY USA 38088,81.16,Entertainment
T01436,2023-06-21,ETSY.COM - SELLER77,231.51,Shopping
T01705,2023-01-23,AMZN MKTP US*3081 AMZN.COM/BILL WA,478.04,Shopping
T01457,2023-02-26,TXU ENERGY PAYMENT,93.11,Utilities
T00741,2023-10-30,76 - 088 BOSTON MA,94.7,Gas
T01620,2023-09-01,TXU ENERGY PAYMENT,40.44,Utilities
T01057,2023-07-15,LYFT *RIDE THU 4PM,48.81,Transport
T00572,2023-03-16,BEST  BUY #7597 SEATTLE WA,362.27,Shopping
T00567,2023-11-17,COMCAST CABLE COMM 167,56.78,Utilities
T01357,2023-04-23,LYFT  *RIDE THU 4PM,25.7,Transport
T01711,2023-10-21,PARKING METER #613 BOSTON MA,48.92,Transport
T01145,2023-05-27,SHELL OIL 24 MIAMI FL,49.73,Gas
T01007,2023-12-12,sq *local grounds seattle wa,9.43,Coffee
T01348,2023-03-15,SQ *CITY DENTAL MIAMI FL,54.6,Health
T00500,2023-10-04,TXU ENERGY PAYMENT,280.85,Utilities
T00182,2023-12-28,LYFT *RIDE THU 4PM,10.74,Transport
T01320,2023-03-09,POS DEBIT QUEST DIAGNOSTIC,241.17,Health
T01699,2023-05-24,WHOLEFDS MKT 3527 MIAMI FL,91.43,Groceries
T01242,2023-03-08,SQ *CITY DENTAL DALLAS TX,36.42,Health
T01889,2023-11-07,SHELL OIL 551 DALLAS TX,28.55,Gas
T01594,2023-07-19,GRUBHUB*THAI BASIL DENVER CO,82.14,Restaurants
T01253,2023-05-16,SPOTIFY USA 85,20.91,Entertainment
T00438,2023-06-04,ALDI 7772 NY NY,144.21,Groceries
T00978,2023-02-13,COMCAST CABLE COMM 957,71.94,Utilities
T00116,2023-10-26,CHEVRON 78,59.84,Gas
T00999,2023-08-10,UBER* EATS HELP.UBER.COM,58.7,Transport
T00595,2023-07-10,76 - 46179 BOSTON MA,47.73,Gas
T01856,2023-05-08,76  - 833 NY NY,27.81,Gas
T01859,2023-05-21,CHEVRON 47,61.32,Gas
T00810,2023-10-30,REGAL CINEMAS 62378 BOSTON MA  ,28.12,Entertainment
T00927,2023-07-12,TST* PHILZ COFFEE DALLAS TX,5.92,Coffee
T00265,2023-08-19,SQ *CITY DENTAL CHICAGO IL,171.68,Health
T01289,2023-02-19,PARKING METER #8856 OAKLAND CA,12.03,Transport
T00731,2023-02-18,WALMART  SUPERCENTER #599,258.25,Shopping
T00235,2023-04-26,TARGET 78 NY NY  ,435.25,Shopping
T01940,2023-05-11,SAFEWAY #9405 OAKLAND CA,107.89,Groceries
T00603,2023-11-20,DART RAIL PHX AZ,41.93,Transport
T00045,2023-04-27,PEETS COFFEE #204 SEATTLE WA,10.16,Coffee
T01747,2023-06-21,MTA*NYCT PAYGO SEATTLE WA,14.09,Transport
T01149,2023-07-08,CIRCLE K # 4702,59.95,Gas
T00651,2023-04-30,LYFT *RIDE THU 4PM,57.67,Transport
T01308,2023-05-25,SQ *BLUE BOTTLE 832 AUSTIN TX  ,6.95,Coffee
T00489,2023-10-07,PEETS COFFEE #546 DALLAS TX,10.17,Coffee
T01345,2023-04-04,VERIZON WIRELESS 97084,227.53,Utilities
T00953,2023-12-22,SQ *THE COMEDY CLUB OAKLAND CA,80.77,Entertainment
T01000,2023-03-22,STEAMGAMES.COM 715 WA,9.67,Entertainment
T01712,2023-09-24,CHEVRON 10714,63.08,Gas
T01301,2023-11-09,CHEVRON 1021  ,91.36,Gas
T00402,2023-02-04,POS DEBIT H-E-B #26465,201.71,Groceries
T00771,2023-08-01,MTA*NYCT PAYGO NY NY,29.99,Transport
T01285,2023-07-03,NETFLIX.COM 2282,88.47,Entertainment
T00475,2023-03-20,CHEVRON 0092,35.84,Gas
T01628,2023-12-04,AMC ONLINE #6669,80.75,Entertainment
T01141,2023-11-04,SQ *LOCAL GROUNDS AUSTIN TX,11.45,Coffee
T00926,2023-01-14,TRADER JOE'S #6672,81.68,Groceries
T00574,2023-08-24,SQ *BLUE BOTTLE 394 NY NY,3.3,Coffee
T00434,2023-04-07,POS DEBIT QUEST DIAGNOSTIC,132.54,Health
T00687,2023-08-22,REGAL CINEMAS 17796 DALLAS TX,40.93,Entertainment
T01480,2023-11-08,SQ *LOCAL GROUNDS CHICAGO IL,4.35,Coffee
T01461,2023-08-03,REGAL CINEMAS 699 MIAMI FL,41.12,Entertainment
T00811,2023-07-07,TXU ENERGY PAYMENT  ,47.41,Utilities
T00277,2023-08-09,SQ *BLUE BOTTLE 8777 OAKLAND CA,9.28,Coffee
T00605,2023-02-16,SQ *TAQUERIA EL SOL DENVER CO,85.63,Restaurants
T01217,2023-07-06,GRUBHUB*THAI BASIL BOSTON MA,31.5,Restaurants
T01433,2023-08-27,TST* PHILZ COFFEE MIAMI FL,10.51,Coffee
T01290,2023-07-16,KROGER  42422 NY NY,195.55,Groceries
T00913,2023-07-09,POS DEBIT H-E-B #466,208.53,Groceries
T01125,2023-08-12,TXU ENERGY PAYMENT,232.26,Utilities
T01359,2023-12-30,ALDI 003 AUSTIN TX,140.3,Groceries
T01758,2023-10-10,BEST BUY #236 PHX AZ,362.81,Shopping
T01649,2023-08-24,WHOLEFDS MKT 94 PHX AZ  ,134.46,Groceries
T00685,2023-07-16,COMCAST CABLE COMM 57041,86.76,Utilities
T01813,2023-05-25,WHOLEFDS  MKT 18 DENVER CO,163.17,Groceries
T01341,2023-08-29,POS DEBIT BP#21,63.82,Gas
T01959,2023-01-30,WALMART SUPERCENTER #63,192.43,Shopping
T00413,2023-10-10,STARBUCKS STORE 8008,7.27,Coffee
T01122,2023-11-05,LYFT *RIDE THU 4PM,10.22,Transport
T01392,2023-05-11,CHIPOTLE 6982 SEATTLE WA,63.62,Restaurants
T01236,2023-11-10,TST* PHILZ COFFEE CHICAGO IL  ,5.96,Coffee
T01302,2023-01-22,TST* PHILZ COFFEE BOSTON MA,4.17,Coffee
T01746,2023-04-27,SQ *CITY DENTAL CHICAGO IL,158.61,Health
T00387,2023-02-25,DART RAIL NY NY,24.08,Transport
T00369,2023-11-27,DOORDASH*MCDONALDS  ,20.25,Restaurants
T01486,2023-09-01,NETFLIX.COM 40,43.12,Entertainment
T00970,2023-07-10,POS DEBIT BP#43,50.87,Gas
T01611,2023-03-07,AMZN MKTP US*50 AMZN.COM/BILL WA,243.04,Shopping
T00972,2023-05-06,GRUBHUB*THAI BASIL SEATTLE WA,137.05,Restaurants
T00858,2023-09-06,STEAMGAMES.COM 63 WA,65.56,Entertainment
T00096,2023-03-31,AMZN MKTP US*29 AMZN.COM/BILL WA,368.19,Shopping
T01066,2023-07-20,DUNKIN #44225 DENVER CO,9.82,Coffee
T01331,2023-05-29,VERIZON WIRELESS 7711  ,136.28,Utilities
T00127,2023-10-15,VERIZON WIRELESS 1775  ,278.16,Utilities
T01268,2023-05-14,PEETS COFFEE #4075 MIAMI FL,11.14,Coffee
T00024,2023-08-05,SPOTIFY  USA 53354,42.21,Entertainment
T01415,2023-12-26,LA FITNESS 037 DALLAS TX,62.67,Health
T00766,2023-06-07,UBER*  EATS HELP.UBER.COM,36.71,Transport
T01573,2023-07-24,STEAMGAMES.COM 72918 WA,49.56,Entertainment
T01095,2023-06-06,POS DEBIT QUEST DIAGNOSTIC,31.74,Health
T00730,2023-02-15,ATT*BILL PAYMENT 625,172.47,Utilities
T01547,2023-01-01,TXU  ENERGY PAYMENT,292.99,Utilities
T01112,2023-11-13,PEETS  COFFEE #37940 DENVER CO,6.86,Coffee
T00330,2023-12-16,WALMART SUPERCENTER #5533,380.08,Shopping
T01640,2023-02-12,POS DEBIT H-E-B #984,209.5,Groceries
T00623,2023-06-18,DOORDASH*MCDONALDS,128.45,Restaurants
T00533,2023-09-17,GRUBHUB*THAI BASIL PHX AZ  ,34.4,Restaurants
T00818,2023-04-26,WALGREENS #4344,110.51,Health
T00145,2023-10-23,KROGER 6929 CHICAGO IL,87.09,Groceries
T01226,2023-04-30,UBER* EATS HELP.UBER.COM,52.1,Transport
T01041,2023-09-07,ETSY.COM - SELLER22365,71.4,Shopping
T01595,2023-09-09,netflix.com 43,86.67,Entertainment
T01526,2023-03-19,walmart supercenter #20641,252.78,Shopping
T01307,2023-10-02,DART RAIL AUSTIN TX,16.31,Transport
T00911,2023-08-02,SQ *THE BOOK NOOK DENVER CO,455.37,Shopping
T01064,2023-04-26,doordash*mcdonalds,103.75,Restaurants
T00230,2023-09-30,UBER* EATS HELP.UBER.COM,30.96,Transport
T00301,2023-12-21,ONCOR ELECTRIC DELIVERY,174.32,Utilities
T00919,2023-10-04,SPOTIFY USA 1463,39.21,Entertainment
T01034,2023-05-07,RITE AID #83228 OAKLAND CA,241.63,Health
T01051,2023-09-01,SPOTIFY USA 52450,84.24,Entertainment
T00757,2023-06-21,TST* PHILZ COFFEE NY NY,7.68,Coffee
T01918,2023-03-05,WHOLEFDS MKT 91 BOSTON MA,195.11,Groceries
T00172,2023-04-20,CVS/PHARMACY #66648 OAKLAND CA,55.07,Health
T00195,2023-06-17,ONCOR ELECTRIC DELIVERY,63.21,Utilities
T01334,2023-12-04,TRADER JOE'S #70643,139.46,Groceries
T00057,2023-02-24,COMCAST CABLE COMM 31979,271.62,Utilities
T01296,2023-02-06,SQ *THE COMEDY CLUB AUSTIN TX,58.54,Entertainment
T00113,2023-02-20,CVS/PHARMACY #30 NY NY,118.49,Health
T01654,2023-04-27,SQ *CITY DENTAL AUSTIN TX,222.15,Health
T01432,2023-09-04,DART RAIL CHICAGO IL,44.54,Transport
T01749,2023-08-25,CIRCLE K # 3112,39.31,Gas
T00352,2023-02-22,steamgames.com 0908 wa,19.21,Entertainment
T00944,2023-03-07,76 - 675 AUSTIN TX,77.22,Gas
T01190,2023-12-23,CHEVRON 6866,79.87,Gas
T00105,2023-02-05,SQ *THE COMEDY CLUB PHX AZ,79.86,Entertainment
T00957,2023-02-04,PEETS  COFFEE #9630 AUSTIN TX,8.36,Coffee
T01411,2023-02-11,EXXONMOBIL 98 OAKLAND CA,51.22,Gas
T00054,2023-03-28,DART RAIL BOSTON MA,58.77,Transport
T01437,2023-02-10,POS DEBIT QUEST DIAGNOSTIC,227.58,Health
T00883,2023-11-10,COMCAST CABLE COMM 0606,197.54,Utilities
T01714,2023-10-23,SAFEWAY #8985 BOSTON MA,95.52,Groceries
T00541,2023-10-05,LYFT *RIDE THU 4PM,50.15,Transport
T00138,2023-09-03,GRUBHUB*THAI BASIL DENVER CO,15.99,Restaurants
T00031,2023-07-26,SHELL OIL 23 PHX AZ  ,85.33,Gas
T00914,2023-03-20,ALDI 14461 SEATTLE WA,23.26,Groceries
T01198,2023-12-15,76 - 555 MIAMI FL,71.17,Gas
T00593,2023-12-12,GRUBHUB*THAI BASIL AUSTIN TX,85.8,Restaurants
T01766,2023-05-29,ATT*BILL PAYMENT 27149,110.39,Utilities
T01678,2023-11-01,ONCOR ELECTRIC DELIVERY,187.7,Utilities
T00375,2023-01-16,AMC ONLINE #6363  ,56.16,Entertainment
T01168,2023-10-17,GRUBHUB*THAI BASIL NY NY,137.01,Restaurants
T00661,2023-02-17,TARGET 2867 SEATTLE WA,375.12,Shopping
T00357,2023-04-11,CHIPOTLE 3974 SEATTLE WA,75.15,Restaurants
T00478,2023-06-19,SQ *CITY DENTAL NY NY,175.83,Health
T00509,2023-12-05,TARGET 191 SEATTLE WA,393.6,Shopping
T00546,2023-04-05,TARGET 3885 DENVER CO,169.94,Shopping
T01422,2023-09-17,DART RAIL NY NY,58.75,Transport
T01102,2023-07-21,WALMART SUPERCENTER #38475  ,305.92,Shopping
T00101,2023-05-28,REGAL CINEMAS 99613 NY NY,17.01,Entertainment
T01679,2023-05-26,AMC ONLINE #35,56.95,Entertainment
T00994,2023-02-05,DART RAIL DALLAS TX,32.13,Transport
T00443,2023-08-22,SPOTIFY USA 99,60.12,Entertainment
T01167,2023-06-08,STARBUCKS STORE 2666,3.1,Coffee
T00204,2023-03-13,TARGET 812 BOSTON MA,472.98,Shopping
T01110,2023-01-11,EXXONMOBIL  65779 DALLAS TX,32.55,Gas
T00842,2023-04-12,STEAMGAMES.COM 266 WA,73.16,Entertainment
T01671,2023-01-10,UBER* EATS HELP.UBER.COM,31.59,Transport
T01775,2023-05-06,cvs/pharmacy #72540 dallas tx,243.04,Health
T00783,2023-09-06,SQ *CITY DENTAL DALLAS TX,103.25,Health
T01154,2023-04-23,WALGREENS #10959,183.37,Health
T01180,2023-08-19,POS  DEBIT BP#8396,53.92,Gas
T00900,2023-06-10,SQ *LOCAL GROUNDS BOSTON MA,9.49,Coffee
T01602,2023-04-02,BEST BUY #360 MIAMI FL,255.32,Shopping
T01656,2023-02-01,UBER* EATS HELP.UBER.COM,12.16,Transport
T00134,2023-11-02,TST* OLIVE & VINE NY NY,30.89,Restaurants
T00459,2023-03-03,POS DEBIT BP#841,38.71,Gas
T01599,2023-10-15,COMCAST CABLE COMM 49422  ,63.69,Utilities
T01416,2023-05-18,CITY OF DALLAS WATER UT,239.36,Utilities
T01384,2023-03-07,DART RAIL AUSTIN TX,6.88,Transport
T01018,2023-03-05,STEAMGAMES.COM 515 WA  ,69.75,Entertainment
T00610,2023-06-06,COMCAST CABLE COMM 5706,215.24,Utilities
T01535,2023-01-18,SQ *CITY DENTAL MIAMI FL,46.31,Health
T01028,2023-02-12,SQ *CITY DENTAL DENVER CO  ,105.35,Health
T00524,2023-06-07,TXU ENERGY PAYMENT,104.79,Utilities
T01218,2023-03-06,TRADER  JOE'S #41,156.78,Groceries
T00353,2023-03-18,TRADER JOE'S #5  ,89.62,Groceries
T00649,2023-11-19,PARKING METER #68766 NY NY,8.89,Transport
T00135,2023-03-09,TST*  PHILZ COFFEE DALLAS TX,10.8,Coffee
T00511,2023-09-20,ONCOR ELECTRIC DELIVERY,72.05,Utilities
T00646,2023-05-26,WALMART SUPERCENTER #6,84.15,Shopping
T00007,2023-07-09,TRADER JOE'S #48,89.79,Groceries
T00553,2023-08-17,GRUBHUB*THAI BASIL SEATTLE WA,77.34,Restaurants
T00140,2023-08-21,TRADER JOE'S #9590,123.76,Groceries
T01131,2023-03-10,TST* OLIVE & VINE DALLAS TX,47.55,Restaurants
T01114,2023-10-30,ATT*BILL PAYMENT 92597,86.88,Utilities
T01500,2023-01-24,TRADER JOE'S #333,214.08,Groceries
T01860,2023-12-07,REGAL CINEMAS 878 NY NY,21.79,Entertainment
T01593,2023-09-12,WALMART SUPERCENTER #44,432.91,Shopping
T00077,2023-01-15,BEST BUY #768 PHX AZ,186.88,Shopping
T00517,2023-09-30,76 - 22 PHX AZ,86.44,Gas
T00255,2023-04-25,CIRCLE K # 1943,33.91,Gas
T00958,2023-08-16,GRUBHUB*THAI BASIL SEATTLE WA,104.75,Restaurants
T00995,2023-09-01,ATT*BILL PAYMENT 891,230.16,Utilities
T01554,2023-02-22,POS DEBIT H-E-B #55824,61.05,Groceries
T00104,2023-05-05,REGAL CINEMAS 8337 MIAMI FL,88.34,Entertainment
T01895,2023-07-10,WHOLEFDS MKT 492 DENVER CO,125.5,Groceries
T00139,2023-03-17,COMCAST CABLE COMM 62,123.58,Utilities
T00052,2023-11-12,SQ *THE BOOK NOOK MIAMI FL,434.12,Shopping
T00677,2023-08-09,WALGREENS #50307,183.51,Health
T00637,2023-12-31,WALGREENS #54206  ,123.42,Health
T01245,2023-02-13,EXXONMOBIL 60 SEATTLE WA,89.88,Gas
T01805,2023-12-24,POS DEBIT H-E-B #19,206.55,Groceries
T00850,2023-02-18,VERIZON WIRELESS 730,105.46,Utilities
T00826,2023-08-12,TRADER JOE'S #28,129.76,Groceries
T01693,2023-02-24,BEST BUY #57 NY NY,27.66,Shopping
T00118,2023-08-06,ETSY.COM - SELLER075,149.2,Shopping
T01421,2023-07-11,SQ *THE COMEDY CLUB DENVER CO,27.22,Entertainment
T00039,2023-06-20,LA FITNESS 832 MIAMI FL,21.02,Health
T00973,2023-05-24,DUNKIN #874 DALLAS TX,3.48,Coffee
T01555,2023-05-24,POS DEBIT H-E-B #3953,145.8,Groceries
T00493,2023-05-09,CIRCLE K # 96  ,72.02,Gas
T01382,2023-12-19,PEETS COFFEE #6747 SEATTLE WA,3.33,Coffee
T00132,2023-03-04,UBER *TRIP OAKLAND CA,13.96,Transport
T00724,2023-02-02,76 - 13 DENVER CO,68.09,Gas
T00162,2023-06-15,TRADER JOE'S #60811,217.24,Groceries
T00305,2023-02-13,WALGREENS #0402,240.14,Health
T00895,2023-05-27,TRADER JOE'S #54493,112.1,Groceries
T00807,2023-08-19,SQ *CITY DENTAL MIAMI FL,39.78,Health
T00896,2023-03-19,WALGREENS #34,176.25,Health
T00521,2023-10-23,SQ *THE BOOK NOOK OAKLAND CA,380.61,Shopping
T01665,2023-09-07,SQ *TAQUERIA EL SOL MIAMI FL,121.0,Restaurants
T00321,2023-05-07,CVS/PHARMACY  #71611 MIAMI FL,217.52,Health
T01955,2023-01-14,WALGREENS #10,252.37,Health
T00411,2023-08-22,SQ *CITY DENTAL NY NY,72.37,Health
T01864,2023-09-02,AMC ONLINE #3675,29.15,Entertainment
T00684,2023-06-12,UBER *TRIP MIAMI FL,26.84,Transport
T01814,2023-11-26,UBER* EATS HELP.UBER.COM,9.72,Transport
T01930,2023-06-22,TARGET 97929 SEATTLE WA,375.22,Shopping
T00247,2023-10-03,SPOTIFY USA 98007,82.67,Entertainment
T00419,2023-11-24,RITE AID #4890 DENVER CO  ,257.09,Health
T00061,2023-05-01,SQ *THE BOOK NOOK CHICAGO IL,344.79,Shopping
T01283,2023-03-17,AMC ONLINE #6409,74.33,Entertainment
T01680,2023-09-02,76 - 330 AUSTIN TX  ,47.86,Gas
T00880,2023-03-01,verizon wireless 088,151.02,Utilities
T01309,2023-12-03,TST*  PHILZ COFFEE CHICAGO IL,6.58,Coffee
T01581,2023-10-28,WALMART SUPERCENTER #583,470.64,Shopping
T00728,2023-02-15,POS  DEBIT H-E-B #20677,16.48,Groceries
T01082,2023-06-03,SQ *CITY DENTAL OAKLAND CA,57.02,Health
T01089,2023-09-27,SQ *BLUE BOTTLE 29127 AUSTIN TX,4.11,Coffee
T00715,2023-07-03,WALGREENS #49,243.76,Health
T01949,2023-12-13,CITY OF DALLAS WATER UT,133.65,Utilities
T00892,2023-02-26,TARGET 90 DENVER CO,462.37,Shopping
T01158,2023-10-25,POS DEBIT BP#89  ,32.42,Gas
T01369,2023-06-30,76  - 92 MIAMI FL,74.33,Gas
T00051,2023-07-26,UBER* EATS HELP.UBER.COM,27.73,Transport
T01585,2023-06-09,COMCAST CABLE COMM 91280,85.32,Utilities
T00234,2023-10-15,DART RAIL NY NY,19.08,Transport
T00359,2023-05-02,TST*  PHILZ COFFEE CHICAGO IL,7.77,Coffee
T00821,2023-10-08,LYFT *RIDE THU 4PM,44.31,Transport
T00409,2023-07-28,AMC ONLINE #6828,82.73,Entertainment
T00615,2023-11-13,PEETS COFFEE #32 OAKLAND CA,10.1,Coffee
T01008,2023-02-22,WALGREENS #91323,189.1,Health
T01630,2023-07-30,EXXONMOBIL 656 PHX AZ,38.85,Gas
T01087,2023-07-28,ONCOR ELECTRIC DELIVERY,223.09,Utilities
T01920,2023-11-10,LYFT *RIDE THU 4PM,59.84,Transport
T01761,2023-03-30,NETFLIX.COM 31,57.21,Entertainment
T00098,2023-12-22,AMC ONLINE #43687,33.7,Entertainment
T00164,2023-05-27,TST* PHILZ COFFEE DENVER CO  ,6.32,Coffee
T01847,2023-01-21,POS DEBIT H-E-B #9049,169.22,Groceries
T00470,2023-12-23,NETFLIX.COM 760,72.93,Entertainment
T00947,2023-07-05,TST* PHILZ COFFEE AUSTIN TX,7.2,Coffee
T01328,2023-02-27,RITE  AID #76 SEATTLE WA,136.73,Health
T01684,2023-07-25,SAFEWAY #5540 MIAMI FL,29.26,Groceries
T00209,2023-10-10,UBER* EATS HELP.UBER.COM,42.01,Transport
T00928,2023-02-28,WHOLEFDS MKT 245 DENVER CO,118.41,Groceries
T00837,2023-02-11,SQ *TAQUERIA EL SOL MIAMI FL,47.08,Restaurants
T00087,2023-03-19,NETFLIX.COM 51,63.66,Entertainment
T01042,2023-04-09,76 - 57 DALLAS TX,77.49,Gas
T00401,2023-08-05,SHELL OIL 22659 NY NY,33.83,Gas
T00173,2023-02-21,DART RAIL DALLAS TX  ,55.2,Transport
T00950,2023-09-03,SQ *TAQUERIA EL SOL AUSTIN TX,24.38,Restaurants
T01506,2023-03-13,MTA*NYCT PAYGO CHICAGO IL,60.76,Transport
T01299,2023-02-26,ALDI 873 MIAMI FL,126.92,Groceries
T00222,2023-06-23,SQ *THE COMEDY CLUB AUSTIN TX,72.77,Entertainment
T00063,2023-08-04,TST* OLIVE & VINE BOSTON MA,19.97,Restaurants
T01214,2023-08-19,KROGER 26 MIAMI FL,144.88,Groceries
T00304,2023-12-14,SAFEWAY #522 DENVER CO,109.93,Groceries
T01300,2023-01-31,AMC ONLINE #04,34.1,Entertainment
T00918,2023-12-08,COMCAST CABLE COMM 780,244.46,Utilities
T01340,2023-04-12,WHOLEFDS MKT 55184 PHX AZ,195.7,Groceries
T01352,2023-07-09,SHELL OIL 69 OAKLAND CA,82.57,Gas
T01059,2023-10-23,TST* THE CORNER DINER,134.12,Restaurants
T00027,2023-03-27,KROGER 6 AUSTIN TX,188.98,Groceries
T01115,2023-03-16,CHEVRON 16,38.45,Gas
T01840,2023-06-24,SQ *CITY DENTAL DENVER CO,259.03,Health
T01058,2023-06-24,LA FITNESS 228 AUSTIN TX,37.85,Health
T00868,2023-08-05,SAFEWAY #501 MIAMI FL,130.43,Groceries
T01323,2023-09-03,POS DEBIT BP#02263,92.61,Gas
T01531,2023-06-15,SPOTIFY USA 39,27.58,Entertainment
T01388,2023-03-11,PARKING METER #7735 NY NY,60.41,Transport
T00566,2023-10-15,CITY OF DALLAS WATER UT,148.23,Utilities
T00817,2023-02-08,LYFT *RIDE THU 4PM,55.38,Transport
T00921,2023-01-28,SQ *THE BOOK NOOK NY NY,263.75,Shopping
T01389,2023-01-03,76 - 01287 miami fl,57.93,Gas
T01834,2023-09-25,att*bill payment 298,129.08,Utilities
T01674,2023-10-15,SPOTIFY USA 648,58.13,Entertainment
T01509,2023-10-13,LA FITNESS 9417 AUSTIN TX,151.33,Health
T00055,2023-01-13,SAFEWAY #1530 CHICAGO IL,55.82,Groceries
T01446,2023-05-05,KROGER 24 CHICAGO IL,125.53,Groceries
T00080,2023-04-24,TST* THE CORNER DINER,23.91,Restaurants
T00252,2023-02-05,WHOLEFDS MKT 45158 BOSTON MA,206.59,Groceries
T01917,2023-03-14,GRUBHUB*THAI BASIL AUSTIN TX,40.4,Restaurants
T01349,2023-06-27,SQ *LOCAL GROUNDS PHX AZ,5.83,Coffee
T00122,2023-07-06,CIRCLE K # 80,27.34,Gas
T01137,2023-04-01,LYFT *RIDE THU 4PM,53.38,Transport
T00091,2023-05-30,76 - 20 MIAMI FL,66.57,Gas
T00227,2023-07-14,TST* THE CORNER DINER,104.31,Restaurants
T01946,2023-04-27,STEAMGAMES.COM 82 WA,32.0,Entertainment
T00890,2023-04-27,WALMART SUPERCENTER #178,61.79,Shopping
T00946,2023-11-29,SQ *CITY DENTAL OAKLAND CA,170.24,Health
T01266,2023-10-15,SQ *BLUE BOTTLE 2256 CHICAGO IL,7.52,Coffee
T01907,2023-02-03,VERIZON WIRELESS 541,77.59,Utilities
T00218,2023-09-16,SQ *THE COMEDY CLUB DENVER CO  ,85.4,Entertainment
T00983,2023-03-12,TST* THE CORNER DINER,89.32,Restaurants
T00515,2023-07-13,POS DEBIT QUEST DIAGNOSTIC,27.21,Health
T01568,2023-02-17,SQ *THE BOOK NOOK MIAMI FL,43.84,Shopping
T01643,2023-08-23,BEST BUY #44239 CHICAGO IL,366.61,Shopping
T00871,2023-06-03,STEAMGAMES.COM 61 WA,63.48,Entertainment
T00584,2023-11-23,WALGREENS #38754,10.18,Health
T00762,2023-06-12,POS DEBIT BP#6056,27.43,Gas
T00713,2023-12-25,PEETS COFFEE #668 OAKLAND CA,5.4,Coffee
T01209,2023-08-21,SHELL OIL 73 OAKLAND CA,34.14,Gas
T00907,2023-10-21,SQ *CITY DENTAL CHICAGO IL,213.77,Health
T00760,2023-03-24,MTA*NYCT PAYGO CHICAGO IL,12.48,Transport
T00133,2023-03-06,NETFLIX.COM 657,26.46,Entertainment
T01412,2023-04-02,CHIPOTLE 765 CHICAGO IL  ,102.36,Restaurants
T00632,2023-07-14,REGAL CINEMAS 7496 MIAMI FL,9.51,Entertainment
T01781,2023-11-04,SQ *THE BOOK NOOK DALLAS TX,105.65,Shopping
T00755,2023-11-18,trader joe's #1835,56.87,Groceries
T00925,2023-05-11,city of dallas water ut,74.61,Utilities
T01156,2023-10-10,WHOLEFDS MKT 5912 CHICAGO IL,186.23,Groceries
T01354,2023-12-09,KROGER 64651 AUSTIN TX,218.58,Groceries
T00831,2023-04-20,MTA*NYCT PAYGO MIAMI FL,8.73,Transport
T01696,2023-03-26,REGAL CINEMAS 94367 DENVER CO,56.55,Entertainment
T01262,2023-10-18,TARGET  74 PHX AZ,383.4,Shopping
T01400,2023-01-06,UBER* EATS HELP.UBER.COM,60.79,Transport
T00256,2023-08-24,SQ *BLUE BOTTLE 7585 BOSTON MA,5.07,Coffee
T01732,2023-03-12,WHOLEFDS MKT 5859 MIAMI FL,64.86,Groceries
T00512,2023-07-27,DUNKIN #57 CHICAGO IL,7.65,Coffee
T01687,2023-03-20,SQ *BLUE BOTTLE 490 OAKLAND CA,5.09,Coffee
T00585,2023-05-03,LA FITNESS 904 PHX AZ,204.0,Health
T01782,2023-06-11,MTA*NYCT PAYGO MIAMI FL,25.54,Transport
T00016,2023-03-24,WALGREENS #80,48.21,Health
T01294,2023-01-03,TXU ENERGY PAYMENT,257.75,Utilities
T00325,2023-01-31,WALMART SUPERCENTER #8428,378.85,Shopping
T01942,2023-05-08,NETFLIX.COM 2378,85.96,Entertainment
T00655,2023-03-31,POS DEBIT H-E-B #5592,20.97,Groceries
T00702,2023-09-30,TST* PHILZ COFFEE BOSTON MA,3.37,Coffee
T01981,2023-12-21,STARBUCKS STORE 913,11.56,Coffee
T01088,2023-05-21,safeway #46 chicago il,178.61,Groceries
T00577,2023-10-27,TST* OLIVE & VINE SEATTLE WA  ,113.68,Restaurants
T00260,2023-06-14,76 - 3836 PHX AZ,72.08,Gas
T01337,2023-07-05,REGAL CINEMAS 47432 SEATTLE WA,12.42,Entertainment
T00468,2023-03-24,CVS/PHARMACY #48 OAKLAND CA,59.98,Health
T00845,2023-10-18,PEETS  COFFEE #78694 DALLAS TX,6.31,Coffee
T00046,2023-05-23,TST* OLIVE & VINE CHICAGO IL,135.76,Restaurants
T01210,2023-07-13,LYFT *RIDE THU 4PM,54.95,Transport
T01963,2023-06-26,TST* OLIVE & VINE SEATTLE WA,33.92,Restaurants
T01406,2023-06-12,ALDI 3181 SEATTLE WA,188.89,Groceries
T00175,2023-05-02,CIRCLE K # 738,72.35,Gas
T01751,2023-10-18,CIRCLE K # 49151,43.95,Gas
T00126,2023-05-15,KROGER 33 DENVER CO,168.55,Groceries
T01976,2023-03-15,TXU ENERGY PAYMENT,138.43,Utilities
T01227,2023-11-08,CVS/PHARMACY #37173 BOSTON MA,150.24,Health
T00341,2023-07-20,ETSY.COM - SELLER84,248.49,Shopping
T01929,2023-01-19,DOORDASH*MCDONALDS  ,44.66,Restaurants
T01502,2023-02-07,MTA*NYCT PAYGO AUSTIN TX,57.49,Transport
T01014,2023-11-16,PEETS COFFEE #469 AUSTIN TX,5.51,Coffee
T01905,2023-05-14,KROGER 8660 BOSTON MA,166.39,Groceries
T00473,2023-12-16,TST* THE CORNER DINER,34.71,Restaurants
T00982,2023-06-20,SAFEWAY #100 AUSTIN TX,126.94,Groceries
T01745,2023-09-30,RITE AID #480 AUSTIN TX,253.81,Health
T01258,2023-12-04,NETFLIX.COM 8508,77.93,Entertainment
T00742,2023-04-24,STEAMGAMES.COM 0237 WA,42.48,Entertainment
T00253,2023-11-27,NETFLIX.COM 6698,88.18,Entertainment
T00866,2023-12-01,WHOLEFDS MKT 166 MIAMI FL,169.27,Groceries
T00111,2023-06-23,NETFLIX.COM 419,87.41,Entertainment
T00987,2023-03-13,VERIZON WIRELESS 27470,43.28,Utilities
T00289,2023-08-16,CIRCLE  K # 41507,91.01,Gas
T01846,2023-10-05,GRUBHUB*THAI BASIL CHICAGO IL,109.36,Restaurants
T01839,2023-02-19,UBER* EATS HELP.UBER.COM,7.37,Transport
T00154,2023-08-09,TARGET 782 CHICAGO IL,11.65,Shopping
T00532,2023-05-22,CVS/PHARMACY #11 BOSTON MA,97.02,Health
T00056,2023-04-10,STARBUCKS STORE 80120,8.67,Coffee
T00435,2023-09-16,POS DEBIT BP#29,26.53,Gas
T00267,2023-04-19,GRUBHUB*THAI BASIL SEATTLE WA,128.35,Restaurants
T01837,2023-11-25,POS DEBIT H-E-B #854,94.39,Groceries
T00794,2023-12-11,SQ *LOCAL GROUNDS SEATTLE WA,4.67,Coffee
T01768,2023-02-15,MTA*NYCT PAYGO MIAMI FL,59.28,Transport
T01106,2023-10-02,TARGET 51820 CHICAGO IL,429.12,Shopping
T01376,2023-12-02,TXU ENERGY PAYMENT,107.67,Utilities
T01668,2023-12-19,TXU ENERGY PAYMENT,234.31,Utilities
T00736,2023-04-13,LYFT *RIDE THU 4PM,27.99,Transport
T00869,2023-08-26,KROGER  3053 MIAMI FL,120.23,Groceries
T00391,2023-06-23,POS DEBIT BP#749,93.46,Gas
T00565,2023-01-05,MTA*NYCT PAYGO DENVER CO,32.06,Transport
T00291,2023-06-16,ONCOR  ELECTRIC DELIVERY,199.46,Utilities
T00243,2023-03-13,76 - 56059 AUSTIN TX,31.68,Gas
T01987,2023-09-22,76 - 66296 DALLAS TX,34.06,Gas
T00469,2023-07-03,ETSY.COM - SELLER2399,263.43,Shopping
T01966,2023-02-08,LYFT  *RIDE THU 4PM,15.75,Transport
T00035,2023-05-06,ALDI 518 DALLAS TX,195.58,Groceries
T01017,2023-10-27,EXXONMOBIL 650 DENVER CO  ,26.24,Gas
T01195,2023-07-06,ATT*BILL PAYMENT 3436,136.82,Utilities
T00263,2023-10-03,TXU ENERGY PAYMENT,85.57,Utilities
T00708,2023-08-21,SHELL OIL 259 DENVER CO,30.3,Gas
T01373,2023-07-13,WALMART SUPERCENTER #29,66.36,Shopping
T01600,2023-09-28,SQ *THE COMEDY CLUB CHICAGO IL,64.71,Entertainment
T01974,2023-11-22,LYFT *RIDE THU 4PM,39.08,Transport
T00003,2023-03-23,WALGREENS #28893,227.33,Health
T01342,2023-09-29,TRADER JOE'S #55,42.14,Groceries
T00136,2023-08-04,tst* philz coffee oakland ca,3.47,Coffee
T00780,2023-07-02,REGAL CINEMAS 365 OAKLAND CA,41.24,Entertainment
T01702,2023-02-03,POS DEBIT QUEST DIAGNOSTIC,48.32,Health
T00752,2023-08-20,MTA*NYCT PAYGO CHICAGO IL  ,25.49,Transport
T00397,2023-04-26,DART RAIL OAKLAND CA,31.3,Transport
T01933,2023-02-21,WHOLEFDS MKT 20184 AUSTIN TX,167.76,Groceries
T01503,2023-02-15,UBER* EATS HELP.UBER.COM,14.6,Transport
T01855,2023-12-20,CITY OF DALLAS WATER UT,240.37,Utilities
T00770,2023-06-26,DART RAIL SEATTLE WA,2.77,Transport
T00588,2023-01-17,STARBUCKS  STORE 894,4.72,Coffee
T01222,2023-11-20,WALMART SUPERCENTER #77,174.58,Shopping
T00308,2023-06-19,WHOLEFDS MKT 1791 NY NY,128.14,Groceries
T01544,2023-09-29,76 - 68 BOSTON MA,91.3,Gas
T00669,2023-08-30,SQ *TAQUERIA EL SOL BOSTON MA,28.65,Restaurants
T01362,2023-05-28,TXU  ENERGY PAYMENT,65.9,Utilities
T01464,2023-05-03,UBER *TRIP DALLAS TX,47.55,Transport
T00018,2023-09-30,TST* OLIVE & VINE AUSTIN TX,116.45,Restaurants
T01404,2023-03-20,STEAMGAMES.COM 484 WA,57.49,Entertainment
T00288,2023-11-21,ALDI 4037 AUSTIN TX,92.9,Groceries
T01794,2023-09-05,pos debit bp#3450,27.62,Gas
T01281,2023-03-14,grubhub*thai basil miami fl,14.77,Restaurants
T00809,2023-12-12,POS DEBIT BP#17627,32.66,Gas
T01553,2023-05-11,SPOTIFY USA 96,9.44,Entertainment
T01584,2023-10-21,SHELL  OIL 95507 SEATTLE WA,91.23,Gas
T01825,2023-05-03,BEST BUY #70 OAKLAND CA,395.75,Shopping
T01683,2023-05-01,NETFLIX.COM 17,84.97,Entertainment
T01800,2023-05-05,SQ *CITY DENTAL MIAMI FL,84.77,Health
T00361,2023-07-21,VERIZON  WIRELESS 7511,71.72,Utilities
T00578,2023-11-02,KROGER 9 PHX AZ,112.43,Groceries
T01772,2023-04-29,POS DEBIT BP#3047,61.44,Gas
T00213,2023-01-31,POS DEBIT QUEST DIAGNOSTIC,28.24,Health
T01067,2023-10-25,ALDI 4626 BOSTON MA,41.83,Groceries
T00618,2023-10-15,SAFEWAY #78263 DALLAS TX,213.19,Groceries
T01707,2023-11-24,SQ *THE COMEDY CLUB BOSTON MA,32.94,Entertainment
T01333,2023-02-10,LYFT *RIDE THU 4PM,64.86,Transport
T00933,2023-01-24,SQ *THE BOOK NOOK NY NY,248.88,Shopping
T00367,2023-02-18,WALMART SUPERCENTER #031,267.66,Shopping
T01438,2023-08-21,SHELL OIL 9669 NY NY,68.02,Gas
T00028,2023-07-19,comcast cable comm 28016,35.59,Utilities
T01099,2023-09-26,VERIZON WIRELESS 4001,81.35,Utilities
T01975,2023-05-01,COMCAST CABLE COMM 58,293.0,Utilities
T01877,2023-01-04,tst* olive & vine boston ma,108.94,Restaurants
T00779,2023-06-13,regal cinemas 47 chicago il,10.91,Entertainment
T00884,2023-05-18,SPOTIFY USA 67,52.47,Entertainment
T01653,2023-03-15,peets coffee #519 austin tx,4.78,Coffee
T01172,2023-04-29,TST* PHILZ COFFEE AUSTIN TX,3.84,Coffee
T01988,2023-12-16,DOORDASH*MCDONALDS  ,94.37,Restaurants
T00076,2023-02-14,SQ *THE BOOK NOOK PHX AZ,410.01,Shopping
T01559,2023-11-06,ALDI 15 SEATTLE WA,160.41,Groceries
T01276,2023-10-27,PARKING METER #37 SEATTLE WA,9.65,Transport
T00406,2023-07-25,NETFLIX.COM 282,63.19,Entertainment
T00510,2023-11-28,DOORDASH*MCDONALDS,87.62,Restaurants
T00897,2023-09-22,LA FITNESS 141 MIAMI FL,234.52,Health
T01936,2023-01-03,GRUBHUB*THAI BASIL AUSTIN TX,126.73,Restaurants
T01356,2023-09-24,REGAL CINEMAS 90 OAKLAND CA,84.32,Entertainment
T00703,2023-10-27,DART RAIL CHICAGO IL,18.09,Transport
T01845,2023-10-23,SAFEWAY #12 SEATTLE WA,40.36,Groceries
T00915,2023-03-14,SAFEWAY #6135 CHICAGO IL,177.2,Groceries
T00066,2023-07-21,VERIZON WIRELESS 860,181.88,Utilities
T01265,2023-06-30,STARBUCKS STORE 9716,3.05,Coffee
T01850,2023-02-23,WALGREENS #42,152.25,Health
T00086,2023-05-10,DUNKIN #7690 DENVER CO,11.69,Coffee
T01703,2023-03-31,VERIZON WIRELESS 3918,163.07,Utilities
T01769,2023-03-22,CITY OF DALLAS WATER UT,106.46,Utilities
T00215,2023-08-27,DART RAIL BOSTON MA,22.1,Transport
T00825,2023-05-03,DOORDASH*MCDONALDS,42.22,Restaurants
T01676,2023-05-08,GRUBHUB*THAI BASIL NY NY,76.53,Restaurants
T01560,2023-07-24,COMCAST CABLE COMM 44,178.76,Utilities
T01821,2023-10-30,SQ *TAQUERIA EL SOL BOSTON MA,79.68,Restaurants
T00183,2023-11-08,STEAMGAMES.COM 10 WA,18.56,Entertainment
T01380,2023-09-08,POS  DEBIT H-E-B #5446,49.7,Groceries
T01241,2023-10-30,SQ *LOCAL GROUNDS NY NY,6.06,Coffee
T01454,2023-07-09,POS DEBIT H-E-B #73574,216.9,Groceries
T00110,2023-09-27,POS DEBIT BP#16,55.82,Gas
T00286,2023-08-19,ATT*BILL PAYMENT 43  ,110.16,Utilities
T01353,2023-02-26,CHIPOTLE  95956 BOSTON MA,70.09,Restaurants
T00956,2023-12-12,PEETS COFFEE #60844 PHX AZ,6.06,Coffee
T00840,2023-06-10,CIRCLE K # 84030,68.98,Gas
T01652,2023-05-28,UBER* EATS HELP.UBER.COM,13.72,Transport
T01435,2023-08-06,VERIZON WIRELESS 01518,49.99,Utilities
T01459,2023-07-26,WALMART SUPERCENTER #1730,193.11,Shopping
T00242,2023-04-09,REGAL CINEMAS 3050 SEATTLE WA,53.69,Entertainment
T00323,2023-04-16,TST* THE CORNER DINER,112.46,Restaurants
T00425,2023-06-19,UBER* EATS HELP.UBER.COM,21.35,Transport
T00237,2023-05-28,WALGREENS #85575,198.98,Health
T00311,2023-05-15,ALDI 68 SEATTLE WA,108.8,Groceries
T00310,2023-05-23,SQ *LOCAL GROUNDS MIAMI FL  ,4.93,Coffee
T01806,2023-07-07,SHELL  OIL 60 OAKLAND CA,93.86,Gas
T00100,2023-11-15,TXU ENERGY PAYMENT  ,177.57,Utilities
T00815,2023-07-13,TXU ENERGY PAYMENT,306.09,Utilities
T00298,2023-10-31,CHIPOTLE  36739 SEATTLE WA,84.17,Restaurants
T00236,2023-01-03,TST*  OLIVE & VINE DENVER CO,110.66,Restaurants
T01247,2023-04-01,WALMART SUPERCENTER #06,97.42,Shopping
T00191,2023-10-06,TARGET 25 SEATTLE WA,251.26,Shopping
T01785,2023-05-06,REGAL  CINEMAS 48702 DENVER CO,86.61,Entertainment
T01216,2023-03-04,MTA*NYCT PAYGO DALLAS TX,18.03,Transport
T01407,2023-02-01,76 - 8459 MIAMI FL,71.74,Gas
T01540,2023-08-07,REGAL CINEMAS 85 BOSTON MA,71.68,Entertainment
T01851,2023-12-16,PEETS COFFEE #746 DALLAS TX,10.4,Coffee
T00963,2023-06-03,REGAL CINEMAS 78612 PHX AZ,34.2,Entertainment
T00852,2023-03-09,SQ *BLUE BOTTLE 8266 CHICAGO IL,9.04,Coffee
T01641,2023-09-20,PARKING METER #02091 DALLAS TX,17.92,Transport
T00011,2023-08-08,SPOTIFY USA 2287,68.75,Entertainment
T00403,2023-01-07,KROGER 72358 CHICAGO IL,203.02,Groceries
T01254,2023-05-07,TRADER JOE'S #76,115.1,Groceries
T00117,2023-08-27,CHEVRON 83611,25.66,Gas
T00395,2023-08-31,SPOTIFY USA 3,88.07,Entertainment
T01048,2023-09-29,WHOLEFDS MKT 91528 DALLAS TX  ,40.19,Groceries
T01339,2023-06-10,WALGREENS #88356,81.72,Health
T00568,2023-03-11,GRUBHUB*THAI BASIL MIAMI FL,20.76,Restaurants
T01923,2023-12-19,DART RAIL PHX AZ,2.83,Transport
T00408,2023-06-03,MTA*NYCT PAYGO AUSTIN TX,16.36,Transport
T01626,2023-12-04,CIRCLE K # 251,91.36,Gas
T01884,2023-02-25,CIRCLE K # 14224,35.76,Gas
T01716,2023-06-06,tst* the corner diner,21.24,Restaurants
T01360,2023-11-23,SHELL OIL 90175 PHX AZ,65.87,Gas
T01911,2023-05-29,PEETS COFFEE #6387 SEATTLE WA,6.36,Coffee
T01790,2023-08-13,AMC ONLINE #4668,55.19,Entertainment
T00343,2023-08-04,ALDI 46 DALLAS TX,186.99,Groceries
T01588,2023-09-28,dunkin #87 austin tx,11.67,Coffee
T01826,2023-08-02,ONCOR ELECTRIC DELIVERY,282.36,Utilities
T01549,2023-06-29,CHEVRON 20898,42.4,Gas
T00047,2023-04-02,UBER*  EATS HELP.UBER.COM,63.14,Transport
T00192,2023-12-02,AMC ONLINE #96,71.59,Entertainment
T01169,2023-07-02,DUNKIN  #5987 SEATTLE WA,5.78,Coffee
T01993,2023-10-21,RITE AID #6412 NY NY,235.38,Health
T01909,2023-03-08,BEST BUY #2598 NY NY,365.06,Shopping
T00711,2023-11-26,ATT*BILL PAYMENT 14212,95.06,Utilities
T00137,2023-09-15,CVS/PHARMACY #60 SEATTLE WA,37.26,Health
T00943,2023-09-10,TST* OLIVE & VINE AUSTIN TX,84.85,Restaurants
T00225,2023-07-08,SQ *THE BOOK NOOK PHX AZ,393.03,Shopping
T00657,2023-12-14,SQ *THE COMEDY CLUB OAKLAND CA,31.14,Entertainment
T01176,2023-02-14,NETFLIX.COM 18,72.98,Entertainment
T01173,2023-11-30,TST* THE CORNER DINER,105.28,Restaurants
T00168,2023-12-14,SQ *CITY DENTAL CHICAGO IL,203.62,Health
T01663,2023-06-22,76 - 222 OAKLAND CA,35.49,Gas
T00795,2023-06-10,TRADER JOE'S #6219,98.55,Groceries
T01998,2023-05-14,TXU ENERGY PAYMENT,114.01,Utilities
T00619,2023-01-10,SQ *BLUE BOTTLE 944 SEATTLE WA,9.7,Coffee
T00570,2023-03-06,STARBUCKS STORE 68,5.54,Coffee
T00036,2023-09-28,MTA*NYCT PAYGO PHX AZ,52.85,Transport
T00414,2023-03-25,MTA*NYCT PAYGO AUSTIN TX,26.35,Transport
T00083,2023-09-26,POS DEBIT H-E-B #196,135.87,Groceries
T00125,2023-07-07,KROGER 18 MIAMI FL,179.94,Groceries
T01992,2023-03-10,ATT*BILL PAYMENT 361,209.34,Utilities
T01096,2023-03-26,CITY OF DALLAS WATER UT,294.84,Utilities
T01818,2023-06-21,SHELL  OIL 977 MIAMI FL,86.29,Gas
T01621,2023-11-22,CITY OF DALLAS WATER UT,129.92,Utilities
T00379,2023-01-20,PARKING METER #576 DENVER CO,13.06,Transport
T00732,2023-03-18,PARKING METER #475 CHICAGO IL  ,9.1,Transport
T01916,2023-07-01,UBER *TRIP NY NY,15.62,Transport
T01367,2023-08-18,AMZN MKTP US*7954 AMZN.COM/BILL WA,29.54,Shopping
T01836,2023-10-28,ALDI 27834 NY NY,114.1,Groceries
T01444,2023-11-23,netflix.com 41,88.05,Entertainment
T01479,2023-07-14,DART RAIL BOSTON MA,32.49,Transport
T01516,2023-04-14,76 - 1134 SEATTLE WA,71.07,Gas
T01849,2023-03-23,SQ *BLUE BOTTLE 05573 SEATTLE WA,3.96,Coffee
T00432,2023-03-08,TST* OLIVE & VINE NY NY,56.08,Restaurants
T01401,2023-07-08,DOORDASH*MCDONALDS,54.04,Restaurants
T00716,2023-06-24,UBER* EATS HELP.UBER.COM,55.76,Transport
T00898,2023-06-11,UBER *TRIP BOSTON MA,7.34,Transport
T01166,2023-06-21,ATT*BILL PAYMENT 1776,249.17,Utilities
T01037,2023-12-21,comcast cable comm 66,152.39,Utilities
T01032,2023-03-05,COMCAST CABLE COMM 9638,307.93,Utilities
T01924,2023-11-02,CITY OF DALLAS WATER UT,261.34,Utilities
T00954,2023-02-22,TRADER JOE'S #56,103.53,Groceries
T01405,2023-06-10,CHEVRON 53,74.74,Gas
T01741,2023-07-28,COMCAST CABLE COMM 766,252.38,Utilities
T01605,2023-06-19,TST* THE CORNER DINER,129.15,Restaurants
T01136,2023-08-11,MTA*NYCT PAYGO DALLAS TX,47.98,Transport
T00544,2023-08-24,DUNKIN #6450 DENVER CO,9.28,Coffee
T00092,2023-11-17,STARBUCKS STORE 4632,11.32,Coffee
T01997,2023-05-15,ALDI 48395 OAKLAND CA,115.37,Groceries
T01754,2023-09-08,SQ *THE BOOK NOOK OAKLAND CA,304.47,Shopping
T00386,2023-02-15,exxonmobil 30 seattle wa,86.97,Gas
T01123,2023-06-25,WHOLEFDS MKT 197 AUSTIN TX  ,127.05,Groceries
T00112,2023-09-07,VERIZON WIRELESS 42,279.05,Utilities
T01488,2023-05-19,REGAL CINEMAS 603 OAKLAND CA,40.2,Entertainment
T01494,2023-03-22,EXXONMOBIL 196 DALLAS TX,67.71,Gas
T00814,2023-12-03,SAFEWAY #43 OAKLAND CA,22.66,Groceries
T00747,2023-09-29,ATT*BILL PAYMENT 7607,224.96,Utilities
T00276,2023-07-30,AMC ONLINE #79  ,50.71,Entertainment
T00202,2023-02-07,WALMART SUPERCENTER #28124,72.06,Shopping
T01542,2023-09-16,TARGET 5030 MIAMI FL,451.47,Shopping
T01383,2023-05-01,ONCOR ELECTRIC DELIVERY,298.86,Utilities
T00058,2023-03-04,ATT*BILL PAYMENT 823,287.3,Utilities
T00306,2023-09-05,POS DEBIT H-E-B #356,57.41,Groceries
T00268,2023-07-23,TST* THE CORNER DINER,102.08,Restaurants
T00498,2023-10-03,SQ *THE COMEDY CLUB CHICAGO IL,17.76,Entertainment
T01926,2023-10-22,SQ *BLUE BOTTLE 9890 AUSTIN TX,8.75,Coffee
T01144,2023-08-01,CVS/PHARMACY #5 BOSTON MA,137.89,Health
T01187,2023-02-12,SPOTIFY USA 27,59.4,Entertainment
T01882,2023-06-03,SPOTIFY USA 32,69.55,Entertainment
T01631,2023-11-10,DART RAIL DENVER CO,60.78,Transport
T01753,2023-10-09,LA FITNESS 8 CHICAGO IL,123.69,Health
T01787,2023-09-03,ONCOR ELECTRIC DELIVERY,273.87,Utilities
T01638,2023-06-23,DART RAIL DENVER CO,37.71,Transport
T00231,2023-06-02,PARKING METER #4331 NY NY,19.58,Transport
T01473,2023-11-01,WALMART SUPERCENTER #7285,276.21,Shopping
T01020,2023-08-16,TARGET 384 OAKLAND CA,350.35,Shopping
T01080,2023-05-31,POS DEBIT BP#31,61.36,Gas
T01556,2023-09-06,WALMART  SUPERCENTER #6875,55.73,Shopping
T00960,2023-01-05,MTA*NYCT PAYGO CHICAGO IL,20.34,Transport
T01221,2023-11-02,ONCOR ELECTRIC DELIVERY,157.69,Utilities
T01366,2023-07-24,DUNKIN #4286 MIAMI FL,6.98,Coffee
T00505,2023-11-29,GRUBHUB*THAI BASIL DENVER CO,17.11,Restaurants
T00679,2023-02-05,netflix.com 42647,86.29,Entertainment
T00114,2023-05-31,KROGER 710 OAKLAND CA  ,178.21,Groceries
T00332,2023-05-21,netflix.com 26518,84.35,Entertainment
T00144,2023-12-10,POS DEBIT H-E-B #2131,130.15,Groceries
T00902,2023-07-19,REGAL  CINEMAS 6627 CHICAGO IL,51.14,Entertainment
T00358,2023-12-22,WALGREENS #006,96.61,Health
T01592,2023-03-03,WALGREENS #3976,208.41,Health
T00383,2023-12-22,chevron 83789,92.81,Gas
T00006,2023-05-29,POS DEBIT QUEST DIAGNOSTIC  ,66.97,Health
T00899,2023-10-22,ATT*BILL PAYMENT 08056,211.4,Utilities
T01193,2023-11-21,POS DEBIT H-E-B #34446,190.74,Groceries
T01237,2023-03-17,CITY OF DALLAS WATER UT,69.73,Utilities
T00916,2023-03-04,ONCOR ELECTRIC DELIVERY,169.42,Utilities
T00370,2023-10-21,SPOTIFY USA 42,10.25,Entertainment
T00239,2023-05-29,POS DEBIT BP#956,38.04,Gas
T01604,2023-07-15,UBER *TRIP PHX AZ,2.98,Transport
T01466,2023-09-14,STEAMGAMES.COM 700 WA,87.72,Entertainment
T01252,2023-06-20,REGAL CINEMAS 3909 SEATTLE WA,20.0,Entertainment
T01021,2023-05-28,LYFT *RIDE THU 4PM,28.14,Transport
T01862,2023-03-14,SQ *BLUE BOTTLE 68718 NY NY,10.93,Coffee
T00520,2023-02-12,CITY OF DALLAS WATER UT,98.94,Utilities
T00535,2023-06-23,SQ *CITY DENTAL PHX AZ,70.82,Health
T00682,2023-09-19,MTA*NYCT PAYGO AUSTIN TX,40.52,Transport
T01688,2023-09-10,76 - 5291 MIAMI FL  ,78.59,Gas
T00041,2023-03-07,POS DEBIT H-E-B #558,45.36,Groceries
T00507,2023-06-26,ALDI 6165 BOSTON MA,182.53,Groceries
T00594,2023-12-03,REGAL CINEMAS 13644 DALLAS TX,48.39,Entertainment
T00806,2023-06-25,LA FITNESS 26467 DENVER CO,75.42,Health
T00331,2023-08-14,SQ  *BLUE BOTTLE 80 OAKLAND CA,10.72,Coffee
T00449,2023-07-30,SPOTIFY USA 47002,47.0,Entertainment
T01881,2023-12-05,SQ  *LOCAL GROUNDS NY NY,7.15,Coffee
T01524,2023-03-21,UBER *TRIP DALLAS TX,10.06,Transport
T01748,2023-11-10,RITE AID #36506 PHX AZ,174.78,Health
T01995,2023-07-26,pos debit quest diagnostic,153.86,Health
T01321,2023-01-20,TST* PHILZ COFFEE BOSTON MA,8.14,Coffee
T01485,2023-09-02,TRADER JOE'S #997,171.14,Groceries
T01002,2023-09-17,UBER *TRIP MIAMI FL,17.92,Transport
T00251,2023-04-22,DUNKIN #88181 OAKLAND CA,10.35,Coffee
T00856,2023-12-03,POS DEBIT QUEST DIAGNOSTIC,47.82,Health
T00547,2023-04-03,STEAMGAMES.COM 429 WA,29.49,Entertainment
T00631,2023-08-13,att*bill payment 775,297.54,Utilities
T01139,2023-11-27,VERIZON WIRELESS 71,160.13,Utilities
T00656,2023-11-18,CHIPOTLE 7849 OAKLAND CA,73.63,Restaurants
T00417,2023-06-04,ETSY.COM - SELLER6943,110.99,Shopping
T01107,2023-01-03,AMZN  MKTP US*86019 AMZN.COM/BILL WA,360.63,Shopping
T01183,2023-07-23,SAFEWAY  #61405 AUSTIN TX,165.01,Groceries
T00501,2023-05-29,REGAL CINEMAS 374 NY NY,55.53,Entertainment
T01439,2023-01-26,ONCOR ELECTRIC DELIVERY,161.57,Utilities
T01866,2023-05-11,STEAMGAMES.COM 971 WA,37.15,Entertainment
T01338,2023-03-06,SQ *THE COMEDY CLUB NY NY,75.45,Entertainment
T00666,2023-03-02,LYFT *RIDE THU 4PM,29.79,Transport
T00342,2023-11-01,ETSY.COM  - SELLER30,243.8,Shopping
T01828,2023-12-02,POS DEBIT QUEST DIAGNOSTIC,54.31,Health
T00295,2023-06-20,SQ *THE COMEDY CLUB DALLAS TX,85.7,Entertainment
T01128,2023-05-20,TRADER JOE'S #98399,97.17,Groceries
T01719,2023-10-29,ONCOR ELECTRIC DELIVERY,152.84,Utilities
T02000,2023-10-25,SQ *THE COMEDY CLUB NY NY,65.19,Entertainment
T00621,2023-06-24,SQ *LOCAL GROUNDS BOSTON MA,5.03,Coffee
T01312,2023-05-24,SQ *CITY DENTAL MIAMI FL,165.47,Health
T00155,2023-07-01,CHEVRON 69806,71.76,Gas
T01199,2023-07-30,VERIZON  WIRELESS 1625,39.52,Utilities
T01973,2023-01-15,WALGREENS #65,89.61,Health
T01985,2023-07-14,COMCAST CABLE COMM 552,159.3,Utilities
T00875,2023-04-06,KROGER 5143 DENVER CO,69.34,Groceries
T01869,2023-06-06,UBER* EATS HELP.UBER.COM,13.8,Transport
T00207,2023-10-10,TRADER JOE'S #1215,85.63,Groceries
T00351,2023-02-09,TST* PHILZ COFFEE CHICAGO IL,8.19,Coffee
T00844,2023-03-28,SQ *BLUE BOTTLE 928 DENVER CO,9.31,Coffee
T01876,2023-10-02,TST* OLIVE & VINE AUSTIN TX,113.26,Restaurants
T00439,2023-02-23,VERIZON WIRELESS 84,72.72,Utilities
T01260,2023-12-14,TST* THE CORNER DINER,124.27,Restaurants
T01161,2023-11-06,DART RAIL DALLAS TX  ,42.47,Transport
T01181,2023-03-21,ETSY.COM - SELLER79,272.7,Shopping
T00318,2023-04-23,steamgames.com 54477 wa,53.49,Entertainment
T00354,2023-05-19,SHELL OIL 29427 NY NY,75.42,Gas
T01913,2023-05-29,SQ *LOCAL GROUNDS CHICAGO IL,5.52,Coffee
T01819,2023-08-02,SHELL OIL 245 CHICAGO IL,75.45,Gas
T00060,2023-11-23,TXU ENERGY PAYMENT,102.99,Utilities
T00382,2023-06-15,ALDI 1188 MIAMI FL,84.0,Groceries
T01194,2023-03-27,REGAL CINEMAS 4 NY NY,51.87,Entertainment
T01343,2023-06-22,COMCAST CABLE COMM 2088,115.68,Utilities
T01157,2023-12-23,ATT*BILL PAYMENT 847,67.24,Utilities
T00445,2023-03-29,DART RAIL OAKLAND CA,43.79,Transport
T01492,2023-04-20,AMZN MKTP US*44883 AMZN.COM/BILL WA,368.07,Shopping
T01469,2023-01-21,POS DEBIT H-E-B #56,96.67,Groceries
T01613,2023-08-15,POS DEBIT H-E-B #30,166.36,Groceries
T00908,2023-07-04,CIRCLE K # 68113,65.77,Gas
T00407,2023-01-11,PEETS COFFEE #3892 DENVER CO,11.07,Coffee
T00441,2023-04-17,WALGREENS #6713  ,134.09,Health
T01408,2023-11-08,trader joe's #746,24.12,Groceries
T00937,2023-12-11,SQ *LOCAL GROUNDS PHX AZ,11.11,Coffee
T00130,2023-08-01,POS DEBIT BP#48629,35.82,Gas
T00360,2023-09-24,COMCAST CABLE COMM 18  ,98.65,Utilities
T00961,2023-01-28,SQ *CITY DENTAL BOSTON MA,149.86,Health
T01738,2023-09-02,rite aid #18 boston ma,200.13,Health
T00248,2023-10-16,SQ *TAQUERIA EL SOL BOSTON MA,22.0,Restaurants
T00901,2023-10-06,UBER *TRIP MIAMI FL,14.92,Transport
T01472,2023-05-06,CHIPOTLE 42 DENVER CO,74.92,Restaurants
T00373,2023-08-03,BEST  BUY #72179 OAKLAND CA,188.78,Shopping
T01126,2023-03-08,KROGER 68650 DALLAS TX,157.82,Groceries
T00109,2023-11-30,TST* PHILZ COFFEE MIAMI FL,10.13,Coffee
T00804,2023-04-02,SHELL OIL 94 AUSTIN TX,26.87,Gas
T00210,2023-10-25,TARGET 8740 BOSTON MA,287.33,Shopping
T01495,2023-06-05,PARKING METER #85654 CHICAGO IL,18.56,Transport
T00494,2023-05-26,TRADER JOE'S #43365,63.08,Groceries
T01135,2023-04-23,POS DEBIT H-E-B #85698,182.45,Groceries
T01347,2023-01-25,CITY OF DALLAS WATER UT,170.66,Utilities
T00784,2023-10-14,CITY OF DALLAS WATER UT,263.68,Utilities
T00929,2023-04-30,AMZN MKTP US*7615 AMZN.COM/BILL WA,200.34,Shopping
T01520,2023-02-16,CHEVRON 62,39.72,Gas
T01372,2023-03-22,SQ *BLUE BOTTLE 96 BOSTON MA,7.36,Coffee
T01901,2023-05-18,SQ  *THE BOOK NOOK PHX AZ,202.92,Shopping
T01673,2023-01-31,AMZN MKTP US*51062 AMZN.COM/BILL WA,179.71,Shopping
T01047,2023-06-19,LYFT *RIDE THU 4PM  ,24.43,Transport
T01728,2023-06-24,SPOTIFY USA 49  ,21.34,Entertainment
T01267,2023-04-23,SHELL OIL 2337 MIAMI FL,30.65,Gas
T00292,2023-05-05,ONCOR ELECTRIC DELIVERY,188.87,Utilities
T01989,2023-07-19,CHIPOTLE 89 OAKLAND CA,123.08,Restaurants
T00067,2023-04-19,SQ *BLUE BOTTLE 17786 DALLAS TX  ,6.41,Coffee
T01170,2023-02-19,BEST BUY #322 SEATTLE WA,339.65,Shopping
T00317,2023-09-16,TST* PHILZ COFFEE NY NY,11.67,Coffee
T00777,2023-01-15,NETFLIX.COM 6834,60.16,Entertainment
T00278,2023-07-01,SHELL OIL 67 NY NY,61.85,Gas
T00991,2023-04-01,safeway #83755 austin tx,153.35,Groceries
T01956,2023-11-19,SQ *BLUE BOTTLE 69181 PHX AZ,3.72,Coffee
T01286,2023-06-30,SQ *CITY DENTAL BOSTON MA  ,173.98,Health
T01152,2023-11-22,CITY OF DALLAS WATER UT,148.83,Utilities
T00744,2023-01-07,PEETS COFFEE #62818 DENVER CO,3.75,Coffee
T01951,2023-06-10,TST* OLIVE & VINE DALLAS TX,115.33,Restaurants
T00534,2023-05-12,ALDI 64 SEATTLE WA,179.6,Groceries
T00658,2023-01-16,PARKING METER #26 SEATTLE WA  ,11.41,Transport
T00951,2023-01-28,ONCOR ELECTRIC DELIVERY,298.67,Utilities
T00984,2023-07-26,POS DEBIT QUEST DIAGNOSTIC,205.78,Health
T00717,2023-04-08,KROGER 3327 BOSTON MA  ,93.75,Groceries
T00371,2023-04-20,VERIZON WIRELESS 65028,82.52,Utilities
T01612,2023-04-05,CVS/PHARMACY #62759 AUSTIN TX,218.27,Health
T00363,2023-10-27,MTA*NYCT PAYGO AUSTIN TX,10.58,Transport
T00934,2023-10-12,CIRCLE K # 38,83.13,Gas
T01363,2023-12-05,comcast cable comm 4053,297.99,Utilities
T01944,2023-08-09,CHEVRON 23,79.34,Gas
T01880,2023-04-30,SQ *LOCAL GROUNDS CHICAGO IL,10.4,Coffee
T01063,2023-09-02,DUNKIN #5060 CHICAGO IL,9.36,Coffee
T00828,2023-06-10,WALGREENS #92  ,234.13,Health
T00966,2023-10-12,ATT*BILL PAYMENT 24149  ,133.42,Utilities
T01912,2023-04-09,STARBUCKS STORE 30025,4.68,Coffee
T00339,2023-07-16,txu energy payment,68.87,Utilities
T01091,2023-09-30,WHOLEFDS MKT 325 DALLAS TX,166.97,Groceries
T00050,2023-11-16,RITE AID #372 AUSTIN TX,240.19,Health
T00707,2023-07-12,DUNKIN  #973 AUSTIN TX,8.44,Coffee
T00949,2023-02-08,CHIPOTLE 73 NY NY,66.25,Restaurants
T01133,2023-06-16,MTA*NYCT PAYGO DALLAS TX,40.52,Transport
T01470,2023-10-24,dart rail austin tx,18.54,Transport
T01842,2023-05-24,SQ *BLUE BOTTLE 38 CHICAGO IL,11.99,Coffee
T00328,2023-02-17,TXU ENERGY PAYMENT,35.68,Utilities
T01003,2023-04-10,PEETS COFFEE #09 MIAMI FL,6.59,Coffee
T00538,2023-09-01,TARGET 1523 SEATTLE WA  ,447.62,Shopping
T01892,2023-11-21,CHEVRON 66,54.55,Gas
T00502,2023-11-11,POS DEBIT BP#50  ,41.72,Gas
T01795,2023-06-25,TRADER JOE'S #21706  ,109.22,Groceries
T00185,2023-05-30,NETFLIX.COM 63,66.36,Entertainment
T00017,2023-06-07,SQ *CITY DENTAL DENVER CO  ,242.27,Health
T01765,2023-12-24,peets coffee #57958 seattle wa,3.7,Coffee
T00773,2023-07-12,CHEVRON 7776,66.35,Gas
T00121,2023-12-14,AMC ONLINE #621,58.15,Entertainment
T00190,2023-01-19,REGAL CINEMAS 830 AUSTIN TX,85.26,Entertainment
T01279,2023-08-31,WHOLEFDS  MKT 19 BOSTON MA,56.88,Groceries
T00625,2023-10-13,ETSY.COM - SELLER440,157.86,Shopping
T01284,2023-11-30,TST* PHILZ COFFEE OAKLAND CA,3.31,Coffee
T00015,2023-05-15,SAFEWAY #20730 OAKLAND CA,194.55,Groceries
T01322,2023-05-16,WALMART SUPERCENTER #4104,319.89,Shopping
T01723,2023-06-15,KROGER 98179 NY NY,111.2,Groceries
T00294,2023-05-07,POS DEBIT BP#6899,50.28,Gas
T01243,2023-03-26,CHIPOTLE 59301 MIAMI FL,47.56,Restaurants
T00410,2023-03-11,SQ *THE COMEDY CLUB AUSTIN TX,48.57,Entertainment
T00259,2023-01-29,TST* THE CORNER DINER,108.56,Restaurants
T00129,2023-10-03,TRADER  JOE'S #04,63.13,Groceries
T01713,2023-09-08,ALDI 32 NY NY,176.48,Groceries
T00390,2023-06-25,NETFLIX.COM 37,14.8,Entertainment
T00274,2023-12-09,CHEVRON 24123  ,84.27,Gas
T01510,2023-04-08,ALDI 817 PHX AZ,140.06,Groceries
T00217,2023-03-23,ATT*BILL PAYMENT 833,87.2,Utilities
T01672,2023-08-25,PARKING METER #49 PHX AZ,35.34,Transport
T01655,2023-05-09,POS DEBIT BP#9855,40.28,Gas
T01113,2023-05-07,CIRCLE K # 255,94.6,Gas
T01450,2023-12-31,UBER *TRIP SEATTLE WA,40.52,Transport
T00355,2023-01-24,ALDI 1956 DALLAS TX,120.73,Groceries
T01667,2023-06-09,SPOTIFY USA 64291,34.44,Entertainment
T01650,2023-02-11,UBER* EATS HELP.UBER.COM,14.57,Transport
T00448,2023-10-19,TRADER JOE'S #20,113.95,Groceries
T01077,2023-04-03,NETFLIX.COM 96,56.32,Entertainment
T00143,2023-08-10,WALMART  SUPERCENTER #703,48.29,Shopping
T00429,2023-03-28,AMC ONLINE #320,23.59,Entertainment
T01858,2023-08-17,SQ *LOCAL GROUNDS OAKLAND CA,6.07,Coffee
T00756,2023-11-27,TST* PHILZ COFFEE DENVER CO,6.99,Coffee
T01883,2023-09-30,ATT*BILL PAYMENT 20  ,138.0,Utilities
T01442,2023-03-16,RITE AID #32588 AUSTIN TX,41.51,Health
T01513,2023-03-19,PEETS COFFEE #0104 OAKLAND CA  ,5.9,Coffee
T01056,2023-12-21,REGAL CINEMAS 85 BOSTON MA,47.32,Entertainment
T01969,2023-08-26,TST* THE CORNER DINER,130.74,Restaurants
T00751,2023-04-26,GRUBHUB*THAI BASIL PHX AZ,101.96,Restaurants
T01919,2023-11-26,CVS/PHARMACY #246 NY NY,43.68,Health
T01922,2023-02-24,CVS/PHARMACY #23 OAKLAND CA,17.35,Health
T01530,2023-10-02,KROGER 14 DENVER CO,190.51,Groceries
T01953,2023-12-08,POS DEBIT QUEST DIAGNOSTIC,10.24,Health
T00847,2023-05-25,ETSY.COM - SELLER50079,291.24,Shopping
T01950,2023-02-07,POS DEBIT BP#1531,53.48,Gas
T00600,2023-04-22,WALMART  SUPERCENTER #238,196.7,Shopping
T01474,2023-07-05,STARBUCKS STORE 534,6.34,Coffee
T00904,2023-08-05,SHELL OIL 69 NY NY,46.28,Gas
T01616,2023-01-13,EXXONMOBIL 28 NY NY,75.48,Gas
T01306,2023-04-10,WALGREENS #56,101.93,Health
T00920,2023-10-20,SQ *LOCAL GROUNDS AUSTIN TX,9.36,Coffee
T00867,2023-07-03,SHELL OIL 8042 CHICAGO IL,67.25,Gas
T00455,2023-10-09,AMC ONLINE #63,9.01,Entertainment
T01414,2023-11-25,ETSY.COM - SELLER34674,179.63,Shopping
T01742,2023-10-15,CHEVRON 8145,54.21,Gas
T01024,2023-03-30,KROGER 24 DALLAS TX,40.74,Groceries
T00296,2023-12-22,CITY  OF DALLAS WATER UT,123.18,Utilities
T01005,2023-03-24,netflix.com 70,74.92,Entertainment
T01468,2023-10-03,TXU ENERGY PAYMENT,277.92,Utilities
T01270,2023-11-18,TARGET 72651 CHICAGO IL,148.34,Shopping
T01202,2023-09-17,SAFEWAY #54124 OAKLAND CA,175.35,Groceries
T00791,2023-03-16,WHOLEFDS MKT 601 DALLAS TX,21.0,Groceries
T01938,2023-03-05,WALGREENS #6045,163.63,Health
T01264,2023-08-21,RITE AID #310 CHICAGO IL  ,83.68,Health
T01967,2023-03-14,POS DEBIT QUEST DIAGNOSTIC,90.76,Health
T01065,2023-03-23,STARBUCKS STORE 95341,8.93,Coffee
T01961,2023-02-04,REGAL CINEMAS 50393 DALLAS TX,84.33,Entertainment
T00583,2023-02-05,POS DEBIT QUEST DIAGNOSTIC,148.63,Health
T00622,2023-11-17,VERIZON WIRELESS 089,203.42,Utilities
T00582,2023-04-06,REGAL CINEMAS 73272 BOSTON MA,21.94,Entertainment
T00206,2023-10-22,WHOLEFDS MKT 6523 BOSTON MA,98.93,Groceries
T01397,2023-06-12,TRADER JOE'S #49454,186.92,Groceries
T00374,2023-10-06,TST* THE CORNER DINER,57.97,Restaurants
T01512,2023-08-10,UBER *TRIP DENVER CO,45.63,Transport
T01138,2023-04-01,GRUBHUB*THAI BASIL CHICAGO IL  ,32.85,Restaurants
T00872,2023-02-25,GRUBHUB*THAI BASIL BOSTON MA  ,17.77,Restaurants
T01297,2023-06-19,TRADER JOE'S #1653,138.31,Groceries
T01298,2023-05-28,STARBUCKS STORE 4118  ,10.84,Coffee
T00418,2023-07-11,SQ *CITY DENTAL OAKLAND CA,175.59,Health
T01069,2023-02-22,CHEVRON 823,84.93,Gas
T00070,2023-04-22,DUNKIN #244 DENVER CO,8.08,Coffee
T00985,2023-04-18,TXU ENERGY PAYMENT,233.92,Utilities
T00697,2023-04-03,CIRCLE K # 48466,41.53,Gas
T00664,2023-02-14,STEAMGAMES.COM 00 WA,55.92,Entertainment
T00012,2023-03-20,CITY OF DALLAS WATER UT,271.8,Utilities
T00427,2023-03-19,KROGER 512 MIAMI FL,99.69,Groceries
T00142,2023-06-10,DOORDASH*MCDONALDS,52.01,Restaurants
T01863,2023-10-28,WALMART SUPERCENTER #436,257.97,Shopping
T01779,2023-09-08,CIRCLE K # 08  ,57.25,Gas
T00668,2023-05-26,grubhub*thai basil chicago il,102.16,Restaurants
T01637,2023-01-11,NETFLIX.COM 17,20.32,Entertainment
T00238,2023-01-20,MTA*NYCT PAYGO PHX AZ,48.54,Transport
T01694,2023-04-28,SQ *TAQUERIA EL SOL SEATTLE WA,94.92,Restaurants
T01809,2023-05-14,SQ *THE BOOK NOOK DALLAS TX  ,294.11,Shopping
T01692,2023-11-30,GRUBHUB*THAI BASIL SEATTLE WA,62.26,Restaurants
T01797,2023-05-20,RITE AID #9729 NY NY,118.47,Health
T01317,2023-06-22,CVS/PHARMACY #0512 OAKLAND CA,198.62,Health
T00269,2023-05-14,GRUBHUB*THAI BASIL DENVER CO,57.99,Restaurants
T00485,2023-10-22,UBER *TRIP DALLAS TX,37.16,Transport
T00149,2023-11-21,UBER *TRIP PHX AZ,6.38,Transport
T00476,2023-02-07,PARKING METER #99 DENVER CO,36.66,Transport
T01799,2023-02-20,TRADER JOE'S #864,46.42,Groceries
T01326,2023-10-24,STARBUCKS STORE 83,10.75,Coffee
T01201,2023-08-29,ATT*BILL PAYMENT 795,88.78,Utilities
T00471,2023-06-10,ETSY.COM - SELLER48,468.59,Shopping
T01310,2023-07-02,POS DEBIT H-E-B #09,159.58,Groceries
T00763,2023-07-27,LYFT *RIDE THU 4PM,59.99,Transport
T00629,2023-08-31,POS DEBIT H-E-B #17575,94.43,Groceries
T01642,2023-06-06,SQ *THE BOOK NOOK DALLAS TX  ,120.72,Shopping
T00320,2023-07-07,SQ *CITY DENTAL CHICAGO IL,215.82,Health
T00088,2023-11-02,76 - 1395 AUSTIN TX,54.13,Gas
T00081,2023-10-09,VERIZON WIRELESS 313,129.53,Utilities
T01808,2023-05-17,WHOLEFDS MKT 24 MIAMI FL,115.52,Groceries
T00013,2023-09-28,CIRCLE K # 78172,94.73,Gas
T01743,2023-11-29,POS DEBIT H-E-B #791,72.57,Groceries
T00279,2023-04-26,BEST BUY #47 DENVER CO,475.39,Shopping
T00053,2023-12-02,BEST BUY #38 NY NY,281.75,Shopping
T00681,2023-04-16,STARBUCKS STORE 463,7.02,Coffee
T01900,2023-09-22,SQ *BLUE BOTTLE 4024 SEATTLE WA,3.8,Coffee
T01420,2023-08-13,TRADER JOE'S #5018,169.17,Groceries
T01664,2023-05-23,TST* OLIVE & VINE CHICAGO IL,121.29,Restaurants
T00170,2023-12-06,EXXONMOBIL 74 SEATTLE WA,70.92,Gas
T00244,2023-06-18,AMC ONLINE #006,69.32,Entertainment
T01259,2023-07-04,EXXONMOBIL 4050 PHX AZ,93.13,Gas
T00624,2023-03-12,SQ *THE COMEDY CLUB PHX AZ,73.21,Entertainment
T00264,2023-08-02,SPOTIFY USA 307,53.24,Entertainment
T01029,2023-05-26,SQ *THE BOOK NOOK CHICAGO IL,152.36,Shopping
T00365,2023-06-05,DOORDASH*MCDONALDS,115.37,Restaurants
T00590,2023-08-01,STARBUCKS STORE 10480,9.69,Coffee
T01257,2023-09-23,AMC ONLINE #7516,34.03,Entertainment
T01724,2023-12-12,SQ *THE BOOK NOOK AUSTIN TX  ,68.6,Shopping
T01460,2023-06-21,STEAMGAMES.COM 7363 WA,6.28,Entertainment
T01614,2023-03-20,SQ *LOCAL GROUNDS SEATTLE WA  ,3.13,Coffee
T01960,2023-02-17,SPOTIFY  USA 53955,7.63,Entertainment
T01776,2023-01-30,TST* PHILZ COFFEE BOSTON MA,7.51,Coffee
T01632,2023-01-28,RITE  AID #86 AUSTIN TX,12.17,Health
T00745,2023-09-03,ATT*BILL PAYMENT 367,59.95,Utilities
T00865,2023-07-24,sq *city dental chicago il,251.26,Health
T01205,2023-01-27,76 - 31697 NY NY,52.53,Gas
T01927,2023-01-14,AMZN MKTP US*3700 AMZN.COM/BILL WA,169.87,Shopping
T00696,2023-10-30,76 - 4509 OAKLAND CA,67.27,Gas
T01295,2023-10-20,DART RAIL BOSTON MA,54.44,Transport
T01109,2023-09-11,STARBUCKS  STORE 971,7.4,Coffee
T01886,2023-01-11,DOORDASH*MCDONALDS,89.6,Restaurants
T01371,2023-05-08,VERIZON WIRELESS 297,94.29,Utilities
T01830,2023-03-25,TARGET 4212 DALLAS TX,104.33,Shopping
T01518,2023-04-12,KROGER 56 MIAMI FL  ,104.9,Groceries
T00691,2023-08-30,TRADER JOE'S #7617,33.13,Groceries
T01045,2023-07-12,TST* PHILZ COFFEE AUSTIN TX,10.13,Coffee
T00692,2023-09-20,POS DEBIT H-E-B #0864,111.12,Groceries
T01447,2023-05-22,TST* PHILZ COFFEE CHICAGO IL,10.0,Coffee
T01010,2023-06-22,CHIPOTLE 204 OAKLAND CA,138.63,Restaurants
T00284,2023-10-04,ONCOR ELECTRIC DELIVERY,142.02,Utilities
T00344,2023-05-15,PARKING METER #781 AUSTIN TX  ,6.25,Transport
T01767,2023-07-19,DOORDASH*MCDONALDS,114.41,Restaurants
T00612,2023-05-28,LYFT *RIDE THU 4PM,60.38,Transport
T00573,2023-07-15,TST* PHILZ COFFEE DALLAS TX,10.57,Coffee
T00906,2023-10-25,KROGER 9378 DENVER CO,63.4,Groceries
T01104,2023-08-09,WALMART SUPERCENTER #00,12.18,Shopping
T00922,2023-01-10,WALGREENS #65881,142.96,Health
T01545,2023-03-19,EXXONMOBIL 102 PHX AZ,90.15,Gas
T01945,2023-03-02,TXU ENERGY PAYMENT,144.45,Utilities
T00851,2023-12-10,CVS/PHARMACY #42 DENVER CO,259.18,Health
T01038,2023-02-15,SQ *THE BOOK NOOK MIAMI FL,444.28,Shopping
T01196,2023-07-30,TST* PHILZ COFFEE DENVER CO,7.1,Coffee
T01583,2023-04-02,ALDI 95732 NY NY,138.31,Groceries
T01770,2023-02-16,CHEVRON 866,78.25,Gas
T00665,2023-04-18,DART RAIL OAKLAND CA,21.67,Transport
T00120,2023-01-26,ETSY.COM - SELLER0359  ,416.31,Shopping
T00853,2023-08-28,CVS/PHARMACY #266 BOSTON MA,94.79,Health
T00877,2023-11-05,WHOLEFDS MKT 671 DENVER CO,193.1,Groceries
T01589,2023-07-11,SQ *BLUE BOTTLE 6303 OAKLAND CA,8.11,Coffee
T01904,2023-01-25,LA FITNESS 278 DALLAS TX  ,76.95,Health
T01870,2023-10-17,CITY OF DALLAS WATER UT,299.18,Utilities
T01658,2023-05-15,SQ *LOCAL GROUNDS PHX AZ,3.59,Coffee
T01142,2023-10-16,SQ *BLUE BOTTLE 69 AUSTIN TX,7.32,Coffee
T00678,2023-12-31,TXU ENERGY PAYMENT,56.42,Utilities
T00281,2023-06-19,SQ *LOCAL GROUNDS AUSTIN TX,6.91,Coffee
T01824,2023-04-28,CHIPOTLE 460 CHICAGO IL,121.08,Restaurants
T00334,2023-09-02,VERIZON WIRELESS 3836,35.3,Utilities
T00824,2023-11-21,CIRCLE K # 7133,88.78,Gas
T00714,2023-02-05,DART RAIL DENVER CO,55.18,Transport
T01571,2023-04-23,GRUBHUB*THAI BASIL OAKLAND CA,118.66,Restaurants
T01755,2023-01-28,KROGER  50709 AUSTIN TX,40.2,Groceries
T01143,2023-05-17,SPOTIFY USA 5435,51.66,Entertainment
T01079,2023-10-06,ALDI 573 AUSTIN TX,89.53,Groceries
T01054,2023-02-15,KROGER 249 DALLAS TX,150.25,Groceries
T01730,2023-07-08,PEETS COFFEE #48060 OAKLAND CA,11.08,Coffee
T00482,2023-09-21,PARKING METER #63806 CHICAGO IL,14.13,Transport
T00266,2023-02-07,UBER *TRIP MIAMI FL,39.98,Transport
T00740,2023-11-10,att*bill payment 3602,253.51,Utilities
T00557,2023-12-25,ATT*BILL PAYMENT 874,217.06,Utilities
T00014,2023-06-24,SQ *THE BOOK NOOK BOSTON MA,370.78,Shopping
T00979,2023-08-19,BEST BUY #3771 DENVER CO,166.77,Shopping
T01552,2023-11-09,CVS/PHARMACY #30432 CHICAGO IL,145.31,Health
T00270,2023-04-15,PARKING METER #61080 DENVER CO,22.17,Transport
T01710,2023-01-22,EXXONMOBIL 7644 BOSTON MA,36.5,Gas
T01501,2023-01-29,VERIZON WIRELESS 32747,51.31,Utilities
T01240,2023-04-19,PARKING METER #675 AUSTIN TX  ,33.16,Transport
T00124,2023-06-23,SQ *CITY DENTAL DENVER CO,83.79,Health
T01150,2023-09-02,ETSY.COM - SELLER0,192.36,Shopping
T00969,2023-12-13,SQ *TAQUERIA EL SOL CHICAGO IL,14.69,Restaurants
T01073,2023-03-04,KROGER 36073 SEATTLE WA  ,38.91,Groceries
T01212,2023-04-03,wholefds mkt 78105 austin tx,68.71,Groceries
T01426,2023-03-20,WALMART SUPERCENTER #23,349.79,Shopping
T00250,2023-08-22,TST* THE CORNER DINER,77.7,Restaurants
T01084,2023-12-13,POS DEBIT QUEST DIAGNOSTIC,246.19,Health
T01261,2023-05-22,LA FITNESS 271 SEATTLE WA,114.32,Health
T00785,2023-01-09,SQ  *CITY DENTAL AUSTIN TX,42.81,Health
T00936,2023-06-18,AMC ONLINE #678,86.56,Entertainment
T00364,2023-07-03,TRADER JOE'S #21,39.75,Groceries
T00725,2023-03-12,DOORDASH*MCDONALDS,85.72,Restaurants
T01590,2023-02-19,TRADER JOE'S #651,215.03,Groceries
T00073,2023-12-17,VERIZON WIRELESS 77,117.94,Utilities
T00179,2023-03-17,POS DEBIT H-E-B #36,200.59,Groceries
T01623,2023-08-24,CITY OF DALLAS WATER UT,74.6,Utilities
T01577,2023-08-24,TST* THE CORNER DINER,119.09,Restaurants
T00581,2023-01-21,DART RAIL SEATTLE WA,17.79,Transport
T00224,2023-07-21,SQ *THE COMEDY CLUB SEATTLE WA,32.76,Entertainment
T01644,2023-08-29,SAFEWAY #16 PHX AZ  ,93.04,Groceries
T01318,2023-08-07,SQ *THE BOOK NOOK SEATTLE WA,301.36,Shopping
T01771,2023-05-31,SHELL OIL 32 BOSTON MA,56.72,Gas
T01428,2023-03-10,DOORDASH*MCDONALDS,52.75,Restaurants
T00307,2023-12-30,DART RAIL SEATTLE WA  ,4.82,Transport
T01734,2023-04-29,POS DEBIT QUEST DIAGNOSTIC,149.92,Health
T01952,2023-06-09,UBER *TRIP MIAMI FL,17.16,Transport
T00545,2023-11-10,UBER* EATS HELP.UBER.COM,22.5,Transport
T01272,2023-08-25,RITE AID #7673 MIAMI FL,250.36,Health
T00033,2023-11-27,POS DEBIT QUEST DIAGNOSTIC,42.72,Health
T00094,2023-12-25,STARBUCKS  STORE 9749,9.2,Coffee
T00650,2023-09-27,CVS/PHARMACY #94905 MIAMI FL,89.12,Health
T01744,2023-12-19,MTA*NYCT PAYGO BOSTON MA,49.72,Transport
T00917,2023-06-22,POS DEBIT QUEST DIAGNOSTIC,151.44,Health
T00873,2023-10-27,LA FITNESS 12384 PHX AZ,98.86,Health
T01636,2023-03-17,ATT*BILL PAYMENT 91732,217.56,Utilities
T00488,2023-07-22,CVS/PHARMACY #4937 CHICAGO IL,119.42,Health
T00200,2023-05-23,DART RAIL BOSTON MA,21.81,Transport
T01075,2023-02-02,POS DEBIT BP#84488,31.96,Gas
T01947,2023-12-03,SQ *CITY DENTAL NY NY,140.05,Health
T01733,2023-07-11,WHOLEFDS MKT 88 NY NY,219.29,Groceries
T01491,2023-08-10,netflix.com 8348,11.51,Entertainment
T00975,2023-12-22,LA FITNESS 8168 DALLAS TX,103.47,Health
T00860,2023-10-20,CHEVRON 9228,25.29,Gas
T01675,2023-11-27,EXXONMOBIL 7941 PHX AZ,39.0,Gas
T00440,2023-05-15,RITE AID #36 AUSTIN TX,162.25,Health
T01815,2023-06-26,RITE AID #3436 OAKLAND CA,107.7,Health
T01269,2023-04-13,SQ *THE BOOK NOOK SEATTLE WA,73.69,Shopping
T00750,2023-06-21,TST* PHILZ COFFEE BOSTON MA,4.84,Coffee
T00356,2023-07-08,ONCOR  ELECTRIC DELIVERY,160.61,Utilities
T01493,2023-04-18,SQ *THE BOOK NOOK AUSTIN TX,445.8,Shopping
T00444,2023-07-04,WALMART SUPERCENTER #6564,410.26,Shopping
T00220,2023-07-26,AMC ONLINE #13,67.11,Entertainment
T00415,2023-12-16,SQ *TAQUERIA EL SOL CHICAGO IL,77.7,Restaurants
T00672,2023-12-30,KROGER 095 AUSTIN TX,155.32,Groceries
T01695,2023-04-16,TARGET 39 NY NY,414.09,Shopping
T00670,2023-10-31,SQ *BLUE BOTTLE 7051 MIAMI FL,9.34,Coffee
T00221,2023-09-16,UBER *TRIP SEATTLE WA,6.63,Transport
T00930,2023-11-22,TST* PHILZ COFFEE CHICAGO IL,7.01,Coffee
T00602,2023-06-21,ALDI 0612 AUSTIN TX,203.98,Groceries
T00667,2023-02-22,TARGET 280 OAKLAND CA,272.14,Shopping
T00181,2023-02-20,POS DEBIT QUEST DIAGNOSTIC,89.67,Health
T00630,2023-05-19,CHEVRON 231,26.05,Gas
T00808,2023-06-05,dart rail oakland ca,43.54,Transport
T00431,2023-09-29,SQ *BLUE BOTTLE 748 OAKLAND CA,9.81,Coffee
T00746,2023-12-27,TARGET 74760 DENVER CO,73.43,Shopping
T01718,2023-07-03,SQ *TAQUERIA EL SOL DENVER CO,66.01,Restaurants
T00177,2023-03-24,CHIPOTLE 60513 MIAMI FL,65.59,Restaurants
T00078,2023-11-02,AMC ONLINE #499,34.59,Entertainment
T01625,2023-07-24,REGAL CINEMAS 58181 DENVER CO,33.38,Entertainment
T00552,2023-12-14,MTA*NYCT PAYGO SEATTLE WA  ,9.64,Transport
T00484,2023-08-24,ONCOR ELECTRIC DELIVERY,77.28,Utilities
